channel,countsA,countsB,sizeA,sizeB,cvA,cvB,rcs,linearity,pg,ploidy,
ARGR1 2017-08-29 347.LMD,2819.24390816281,1621.25268480944,53.1726892387234,143.834708753459,0.173388613318876,0.0331420178556,4.20870950320288,1.79769626388238,1.10903737420982,,
ARGR10 2017-08-29 356.LMD,456.576182477114,1472.28081616306,62.9963522075381,161.705649566317,0.063552182685092,0.023193411619343,1.36717051454499,2.5,1.16872265829592,,
ARGR11 2017-08-29 357.LMD,NA,NA,NA,NA,NA,NA,NA,NA,NA,NA,
ARGR12 2017-08-29 358.LMD,2200.79870625874,1696.35929861533,69.8716204998988,187.612628315117,0.150752190601972,0.026604588831209,3.44795996056758,2.13864886452126,1.11727479851529,,
ARGR13 2017-08-29 359.LMD,1364.27104479637,1426.27684914236,63.5912991856059,161.868752969735,0.070761149135738,0.031466539336162,1.77646223320919,2.37886125193428,1.17857149114189,,
ARGR14 2017-08-29 360.LMD,NA,NA,NA,NA,NA,NA,NA,NA,NA,NA,
ARGR15 2017-08-29 361.LMD,794.242883981376,2316.57139525343,69.308844326656,184.219668969874,0.112633511715899,0.02988963304577,2.76939291280239,NA,1.12868801764035,,
ARGR16 2017-08-29 362.LMD,NA,NA,NA,NA,NA,NA,NA,NA,NA,NA,
ARGR17 2017-08-29 363.LMD,NA,NA,NA,NA,NA,NA,NA,NA,NA,NA,
ARGR18 2017-08-29 364.LMD,959.249538964293,2395.69203223406,63.2219148450172,166.730027685691,0.074983570178559,0.031679393631238,1.66473566966824,2.5,1.13756200468339,,
ARGR19 2017-08-29 365.LMD,1700.91717466672,1798.42233555243,63.330146832044,171.938580146482,0.054117666040624,0.027322166954197,3.69440079556843,2.10296750527589,1.1049901676184,,
ARGR2 2017-08-29 348.LMD,NA,NA,NA,NA,NA,NA,NA,NA,NA,NA,
ARGR20 2017-08-29 366.LMD,NA,NA,NA,NA,NA,NA,NA,NA,NA,NA,
ARGR3 2017-08-29 349.LMD,735.915477542423,978.171052735189,65.7221612256169,172.465407953706,0.065791973009363,0.026386939800335,1.32763267145157,2.4589981571409,1.14322336297013,,
ARGR4 2017-08-29 350.LMD,1513.12144601974,1583.89232696782,68.5228719217224,180.4544420366,0.107579695076737,0.029055378089487,1.82984334369216,2.08754314454591,1.13917182334295,,
ARGR5 2017-08-29 351.LMD,837.170790659736,2022.21502778905,66.7192716378432,178.328723058587,0.081643565163732,0.035078416991758,2.24288706552616,NA,1.12240928707694,,
ARGR6 2017-08-29 352.LMD,845.147165740739,1798.78578257077,68.7620095725363,170.609375269664,0.066873866912924,0.026324798667411,1.74014080350888,NA,1.20911308884143,,
ARGR7 2017-08-29 353.LMD,NA,NA,NA,NA,NA,NA,NA,NA,NA,NA,
ARGR8 2017-08-29 354.LMD,1193.36341350167,1563.84900430171,65.4763943811981,156.108510783985,0.07853336441016,0.029762292920194,1.50968751188222,2.01679074722678,1.25828618924822,,
ARGR9 2017-08-29 355.LMD,744.372415365198,1309.26520127668,67.8622313020881,178.629915964306,0.09761937139958,0.025385318430025,1.51512060369376,2.26228646195719,1.13971219662302,,
MOCC1+S 2018-04-25 394.LMD,730.002905519562,2109.07252396116,84.8303267601631,171.355868858687,0.146660740690688,0.047494457306129,0.969517334582796,NA,1.23763381034414,,
MOCC2+S 2018-04-25 395.LMD,478.419802546054,2172.47165234929,84.0890870612553,180.084726881104,0.092230555319074,0.044185876683145,1.11300603607017,1.90953469150953,1.16735450748098,,
MOCC3+S 2018-04-25 396.LMD,534.737071627615,752.178370913325,111.003841079541,167.49372811829,0.470706144781864,0.040425015019972,1.01816191628168,NA,1.65683578613084,triploid,
MOCC4+S 2018-04-25 397.LMD,NA,NA,NA,NA,NA,NA,NA,NA,NA,NA,
MOCC5+S 2018-04-25 398.LMD,210.35502682216,1094.87263414082,128.458948297073,172.916946162226,0.128851865542042,0.04405120565853,1.19317801871904,NA,1.85723480474487,triploid,
MOCC6+S 2018-04-25 399.LMD,NA,NA,NA,NA,NA,NA,NA,NA,NA,NA,
MOCC7+S 2018-04-25 400.LMD,NA,NA,NA,NA,NA,NA,NA,NA,NA,NA,
MOCC8+S 2018-04-25 401.LMD,1652.7989213696,1992.60424435815,124.374837996728,175.851469543929,0.346332971670402,0.046919152999908,1.76334015102289,NA,1.76818024778659,triploid,
mocc8+s 2018-04-25 403.LMD,144.470059294133,2418.39084786634,129.201863511816,175.577269515189,0.033494020599433,0.03822088934199,4.54142797437251,NA,1.83967241130605,triploid,
MORG1+S 2018-04-25 368.LMD,NA,NA,NA,NA,NA,NA,NA,NA,NA,NA,
MORG10+S 2018-04-25 372.LMD,491.947255671907,838.884868698437,90.8798097180751,172.418276422841,0.058214046049379,0.033129945462927,1.25756629610422,NA,1.31772297582885,,
MORG18+S 2018-04-25 373.LMD,NA,NA,NA,NA,NA,NA,NA,NA,NA,NA,
MORG20+S 2018-04-25 374.LMD,NA,NA,NA,NA,NA,NA,NA,NA,NA,NA,
MORG21+S 2018-04-25 375.LMD,NA,NA,NA,NA,NA,NA,NA,NA,NA,NA,
MORG5+S 2018-04-25 369.LMD,NA,NA,NA,NA,NA,NA,NA,NA,NA,NA,
MORG6+S 2018-04-25 370.LMD,NA,NA,NA,NA,NA,NA,NA,NA,NA,NA,
MORG7+S 2018-04-25 371.LMD,NA,NA,NA,NA,NA,NA,NA,NA,NA,NA,
MOSJ1+S 2018-04-25 386.LMD,18.5634788700042,522.213879039308,136.089716324717,178.952481703544,0.017016760734722,0.030016109290008,1.75699806765211,NA,1.90119906453945,triploid,
MOSJ11+S 2018-04-25 387.LMD,NA,NA,NA,NA,NA,NA,NA,NA,NA,NA,
MOSJ12+S 2018-04-25 388.LMD,237.919276450422,3084.27608599421,142.073069409349,201.060340502997,0.026899996520329,0.032530847256368,2.8398428436127,NA,1.76654765745848,triploid,
MOSJ13+S 2018-04-25 389.LMD,1374.58537854642,2313.31870610832,133.263736818703,181.182572644575,0.205953114018991,0.052616463067602,1.37359881243714,NA,1.8388045670392,triploid,
MOSJ16+S 2018-04-25 390.LMD,1751.63150020979,2283.97148914942,130.369837816659,178.998498201788,0.456861989116861,0.041224323672572,1.31786633892197,NA,1.82082306732109,triploid,
MOSJ18+S 2018-04-25 391.LMD,0,1947.77384444054,122.910225724062,170.391572820843,0.026813315169418,0.05021902436167,2.48608765488212,NA,1.80334953908336,triploid,
MOSJ19+S 2018-04-25 392.LMD,91.9719670034126,3097.90559542694,133.134894656302,174.572006934133,0.026640924091413,0.044382827561113,3.23256221109926,NA,1.90658996528772,triploid,
MOSJ20+S 2018-04-25 393.LMD,755.967106574672,1664.49841857367,129.084695504085,173.645473283026,0.040851897124451,0.04023242729793,4.53909265218405,1.9716914922607,1.85845177912713,triploid,
Celt_ILLG1 + petunia 2017-08-10 870.LMD,418.813493959525,1054.66406539973,54.1821661217165,133.173512263018,0.087247578408804,0.030223349214331,0.999747290882915,2.42090429480842,1.22056177390681,,
Celt_ILLG10 + petunia 2017-08-10 879.LMD,348.926036808924,807.903926211686,62.6991996107524,163.629353551422,0.10220706278124,0.028880445828726,1.11572252739837,2.5,1.14953457157763,,
Celt_ILLG11 + petunia 2017-08-10 880.LMD,1412.83351508366,2199.13226260915,66.6678137677072,174.582369192983,0.130726259957487,0.060483876686772,1.45785550947061,1.93428938473233,1.14561076371943,,
Celt_ILLG12 + petunia 2017-08-10 881.LMD,1256.59768572468,1256.07044743188,55.7566975426312,161.267538240758,0.048932025148844,0.035421458004828,2.97046454629689,2.03746617940533,1.03722109516036,,
Celt_ILLG13 + petunia 2017-08-10 882.LMD,1544.71415219689,2763.3647845702,65.4431808786418,160.626669212274,0.089652660469875,0.041724072322777,2.12814783903287,NA,1.22227238850648,,
Celt_ILLG14 + petunia 2017-08-10 883.LMD,1796.84478187689,1392.36438946873,60.4288098357381,148.242915941271,0.061510393615271,0.032870066050043,1.51478523361903,1.95100068042948,1.22290113059456,,
Celt_ILLG15 + petunia 2017-08-10 884.LMD,1162.19720591533,322.759173143891,67.4700337887008,179.62959614421,0.151534689894935,0.037129136247675,1.20493555737995,2.5,1.1268193310617,,
Celt_ILLG16 + petunia 2017-08-10 885.LMD,105.771504736809,73.158159474884,65.6494779416324,163.465775209623,0.065085344449367,0.035008432112618,1.72037169745302,2.26223453485965,1.20482977903073,,
Celt_ILLG17 + petunia 2017-08-10 886.LMD,2369.3616594825,2251.82958171052,55.4286148203426,145.125108165827,0.071575421435945,0.046995210413484,1.76229677945446,2.0689891800942,1.14581030507155,,
Celt_ILLG18 + petunia 2017-08-10 887.LMD,722.523938709026,1742.639394015,64.6444547092179,161.136757979617,0.088493465780362,0.033013517248425,1.8733322064587,2.35652257876314,1.20353274174838,,
Celt_ILLG19 + petunia 2017-08-10 888.LMD,525.090567432041,383.880858261312,55.9021857277775,184.028608359084,0.072902272182276,0.034624747302719,8.29E+24,NA,0.911306990139799,,
Celt_ILLG2 + petunia 2017-08-10 871.LMD,64.8764094872551,1180.33974337373,71.8273316969464,176.074702372246,0.04781019093596,0.028324334543195,1.85982128291884,NA,1.22381007713011,,
Celt_ILLG20 + petunia 2017-08-10 889.LMD,34.1373605359494,84.3975141691049,61.4378197815805,160.526864254276,0.02631731829743,0.035476117198572,1.14336478023311,2.14276764279525,1.14817828281245,,
Celt_ILLG21 + petunia 2017-08-10 890.LMD,327.126853205752,158.740526601444,55.5642712579094,149.311978065621,0.077899382593287,0.048432119566369,1.25885708367998,1.75001684022164,1.1164061713821,,
Celt_ILLG3 + petunia 2017-08-10 872.LMD,3622.04895194358,1461.42838896093,57.7094213751057,170.907096266595,0.046934211430427,0.044724429512069,2.84197847357165,1.98991268390219,1.01299634659556,,
Celt_ILLG4 + petunia 2017-08-10 873.LMD,1621.68881117196,1578.07089579836,56.2998295904253,163.779558724988,0.042749979354304,0.036297553792148,2.97755535801528,1.9337653837386,1.03126110539158,,
Celt_ILLG5 + petunia 2017-08-10 874.LMD,1010.49358985785,1956.76050541992,61.529787597895,166.290039049744,0.2292125767236,0.040492228069996,1.1501051898961,2.5,1.11004461751595,,
Celt_ILLG6 + petunia 2017-08-10 875.LMD,770.092470924559,1007.98218182105,69.6539247723185,173.956103895324,0.070594280312085,0.027527465199912,1.14788154492864,2.5,1.20123278021159,,
Celt_ILLG7 + petunia 2017-08-10 876.LMD,4851.19292938411,689.588430246579,68.768549678619,200.165641416716,0.073439007972684,0.043929507536576,2.40569201768324,1.95732061163109,1.03067463314725,,
Celt_ILLG8 + petunia 2017-08-10 877.LMD,363.803772846577,2248.64626709556,57.836237477829,164.436379659689,0.046796345671431,0.035837877845771,2.10560921191261,1.91613717399454,1.05517229698546,,
Celt_ILLG9 + petunia 2017-08-10 878.LMD,817.385652865387,2170.84481170513,59.4486423072951,167.040778716553,0.089836752512682,0.039875446590936,1.58162732706741,2.5,1.06767897211803,,
Laev_ALCC1+petunia 2017-07-31 665.LMD,373.364599431763,1437.62286875484,54.7769334146902,147.024660907321,0.0554044684528,0.031283141103418,1.70297348271779,NA,1.11770909199824,,
Laev_ALCC2+petunia 2017-07-31 666.LMD,1513.03197927095,1986.39795170311,57.3946476163663,149.872302440242,0.056386370116366,0.028381689157106,2.37247894062402,1.89579864573534,1.14887100582013,,
Laev_ALCC3+petunia 2017-07-31 667.LMD,1075.92919167923,1892.6565541821,54.655489514676,149.148091743804,0.049177322003533,0.031795508775035,2.16354122665467,2.00915539425187,1.09935344547135,,
Laev_ALCC4+petunia 2017-07-31 668.LMD,932.727579125862,2329.1262564251,52.6124061324299,145.777670779267,0.048789275990324,0.032231876711877,1.98692394221255,NA,1.08272561602581,,
Laev_ALCC5+petunia 2017-07-31 669.LMD,403.990651050302,1872.62245235,45.1038473524102,113.091812694186,0.065624055495748,0.043410026404085,2.15949118399651,1.5,1.19647513673805,,
Occid_MOKC1+petunia 2017-07-31 670.LMD,403.802755086388,1341.90831462506,47.7491816944477,137.38127709077,0.054848337097107,0.035242935362536,1.8804423744268,NA,1.04270063662822,,
Occid_MOKC2+petunia 2017-07-31 671.LMD,1201.04366314661,2331.23616151197,51.4567601991128,143.06735424247,0.055041770321264,0.03275227378483,2.70689781121633,1.5,1.07900423136163,,
Occid_MOKC3+petunia 2017-07-31 672.LMD,1856.06216721839,2134.97546290347,37.5588886458342,97.7903374779016,0.08388590169817,0.08446237483027,4.57942692487008,1.89637155645045,1.15222698728251,,
Occid_MOKC4+petunia 2017-07-31 673.LMD,512.891244750499,1816.53508812722,48.3988444167235,137.71663191099,0.054008102552531,0.03419072363415,2.23281131136979,NA,1.05431371095406,,
Occid_MOKC5+petunia 2017-07-31 674.LMD,1172.39562006519,1927.88514644196,46.2828010841347,123.183917758329,0.059223551403553,0.041869421792113,2.38521421540036,1.93745644433327,1.12716339745589,,
Pumila_ALAC10+petunia 2017-07-31 660.LMD,2524.69338225209,1261.00207256754,71.5664704109426,197.880344467398,0.077638550008393,0.033071551535677,2.40633936882142,2.03356499023209,1.08499614658898,,
Pumila_ALAC11+petunia 2017-07-31 661.LMD,NA,NA,NA,NA,NA,NA,NA,NA,NA,NA,
Pumila_ALAC12+petunia 2017-07-31 662.LMD,993.349634731815,1806.33110826408,75.6453051737788,190.041664873022,0.229887992787233,0.029621464210665,1.30024949387869,2.07386371632648,1.19413769434701,,
Pumila_ALAC14+petunia 2017-07-31 663.LMD,NA,NA,NA,NA,NA,NA,NA,NA,NA,NA,
Pumila_ALAC15+petunia 2017-07-31 664.LMD,NA,NA,NA,NA,NA,NA,NA,NA,NA,NA,
ALCC1+S 2018-03-05 714.LMD,389.342182791678,665.859905341209,87.4435270841593,190.346557764274,0.080980684138067,0.058175352697891,0.952752520348927,2.00192912862445,1.14847791458947,,
ALCC10+S 2018-03-05 723.LMD,533.889141192106,1343.18076248614,82.388706212,173.020770779387,0.047656174821914,0.046895610894221,2.25519143013479,2.04333141293032,1.19044531244534,,
ALCC2+S 2018-03-05 715.LMD,159.485158519632,274.745660825632,91.0830755699247,190.365235420497,0.049111729724037,0.044877135845411,1.2882646331661,1.94405846917329,1.19616214810351,,
ALCC3+S 2018-03-05 716.LMD,438.030140618955,1147.98816300128,79.2033233661591,172.958998109593,0.106691586914204,0.050622566381022,1.09279742985034,2.0736665714998,1.14482802617724,,
ALCC4+S 2018-03-05 717.LMD,202.833617742331,343.136417718667,88.3712952572182,186.887186308874,0.035115356441685,0.041921761839116,1.93476902245256,1.9026203187046,1.18214759666781,,
ALCC5+S 2018-03-05 718.LMD,NA,NA,NA,NA,NA,NA,NA,NA,NA,NA,
ALCC6+S 2018-03-05 719.LMD,50.5312937792541,179.953947580694,86.3038889594441,186.473759598735,0.030683963319503,0.043525466488981,1.81358913500855,1.94800346870198,1.15705138815721,,
ALCC7+S 2018-03-05 720.LMD,513.761087886215,1747.07031227475,86.637712086633,188.428853055533,0.063760520369929,0.049509526894049,1.09693578180299,1.97246876711956,1.14947512922954,,
ALCC8+S 2018-03-05 721.LMD,141.533371940451,884.442640500617,91.6235206690035,189.262567795124,0.042574332629685,0.057822972055588,2.74285232776792,2.00305078329509,1.21026996696179,,
ALCC9+S 2018-03-05 722.LMD,290.308753257962,1490.29919688852,84.5086087378282,183.73571642951,0.052713367777289,0.045260175186652,1.39077559840321,1.9102198351665,1.14986637301749,,
ARWR1+S 2018-03-05 724.LMD,813.689488230205,1907.95526028103,85.0419588231815,179.755943700975,0.070856200291603,0.051843798322357,1.37477956610236,1.92592539643734,1.18274195935142,,
ARWR12+S 2018-03-05 729.LMD,647.20182342899,750.259555335561,83.3340516668586,174.824271490027,0.076902083677608,0.035316429383842,1.36615970418136,2.11094981994159,1.19168309635445,,
ARWR14+S 2018-03-05 730.LMD,1047.65638573026,160.0006910401,79.0739559767524,176.349537364174,0.116271607177255,0.020599542404869,0.87572474905892,2.12626279864772,1.1209833203795,,
ARWR20+S 2018-03-05 731.LMD,573.070314404673,669.447894332472,88.5799512637409,187.898134060144,0.050491871517664,0.06144854838915,6.80841357965489,2.06940862082834,1.17856347678508,,
ARWR3+S 2018-03-05 725.LMD,183.737145149195,1005.37059306743,84.9922623162004,177.46688475879,0.034507571182908,0.052662825189874,3.37195743062758,1.99710828057837,1.19729749062368,,
ARWR5+S 2018-03-05 726.LMD,82.9792207394896,527.813177122809,85.18638233805,172.667317497976,0.069459935972509,0.090147607011103,1.86684203703759,NA,1.23338891766603,,
ARWR7+S 2018-03-05 727.LMD,712.205126830444,1626.65046329032,82.2673478237553,171.226856613152,0.048682737125811,0.053318508403541,2.26918366117408,1.9891572512637,1.2011455073549,,
ARWR8+S 2018-03-05 728.LMD,573.895213873286,1149.08927601898,84.7071843034318,173.75332782576,0.049714205766167,0.0441974186956,2.10840514438405,1.96951342748849,1.21878506390934,,
INCB1+S 2018-03-05 739.LMD,385.91823585157,246.287976217283,89.6024294397427,192.564723010702,0.07418659491024,0.049368350025234,1.09734169208454,1.96558793021357,1.16327679388559,,
INCB2+S 2018-03-05 740.LMD,280.609155545663,392.906198317592,89.9701557733057,195.506953476469,0.061472546656682,0.045173689268876,1.09658758923323,1.97171632525963,1.15047258132604,,
INCB3+S 2018-03-05 741.LMD,89.8138904956973,86.5113631814914,88.0657046911331,190.261412524825,0.077308630752612,0.058768807676253,1.23791144972012,2.04425370626155,1.15716717754898,,
INCB4+S 2018-03-05 742.LMD,1816.24036498335,1154.99191782504,86.9265514615293,195.384668037381,0.057627601584619,0.033627820189882,2.85351145313092,2.06172745140904,1.11224888235471,,
MOKC1 2018-03-05 694.LMD,NA,NA,NA,NA,NA,NA,NA,NA,NA,NA,
MOKC1+S 2018-03-05 695.LMD,976.912939108337,3099.28097728542,83.564799461608,190.219949891322,0.114001479472049,0.049853837464585,1.53426399322444,2.00140574540588,1.09826544888366,,
MOKC10 2018-03-05 710.LMD,NA,NA,NA,NA,NA,NA,NA,NA,NA,NA,
MOKC10+S 2018-03-05 711.LMD,2511.63685256438,2056.5172517894,94.4300489520171,199.024639157564,0.051759356504784,0.053024318988887,1.95090274932129,1.89587303152619,1.18616028336645,,
MOKC11 2018-03-05 712.LMD,NA,NA,NA,NA,NA,NA,NA,NA,NA,NA,
MOKC11+S 2018-03-05 713.LMD,190.650763102052,229.604012522129,90.3523178208279,182.45745184365,0.04605963387611,0.039779019316353,1.58078660180747,1.9959731002511,1.23799160993233,,
MOKC2 2018-03-05 696.LMD,NA,NA,NA,NA,NA,NA,NA,NA,NA,NA,
MOKC2+S 2018-03-05 697.LMD,255.125562145584,714.38473282225,82.7981502943562,176.374864020745,0.069876473941135,0.063096020523471,1.10169953290841,1.88103852097258,1.17361040579764,,
MOKC3 2018-03-05 698.LMD,463.480954491236,1715.18283850498,90.6495695346155,188.8620587756,0.05393842651608,0.052932344408913,1.52903914042156,1.90093872490559,1.19994415662813,,
MOKC3+S 2018-03-05 699.LMD,309.167427494276,68.5339693639122,76.08267405754,163.023846857316,0.072007513466293,0.077135833120193,2.10302212775886,1.99419762845139,1.16674148482293,,
MOKC4 2018-03-05 700.LMD,133.714267330267,446.719377770315,84.6008503087198,180.000508189285,0.059633106127702,0.049185081087963,0.871069224447847,1.96668003123179,1.17500849247263,,
MOKC4+S 2018-03-05 701.LMD,NA,NA,NA,NA,NA,NA,NA,NA,NA,NA,
MOKC5 2018-03-05 702.LMD,418.0924914882,2926.67373748739,88.8672502530549,184.8753328129,0.061516814416517,0.073217692922061,3.57497577154152,1.99059021169039,1.20171859735056,,
MOKC5+S 2018-03-05 703.LMD,NA,NA,NA,NA,NA,NA,NA,NA,NA,NA,
MOKC7 2018-03-05 704.LMD,NA,NA,NA,NA,NA,NA,NA,NA,NA,NA,
MOKC7+S 2018-03-05 705.LMD,1192.01105980205,2140.08675121406,87.7379963745163,191.71059491568,0.069169908399233,0.040796016446029,1.3722058597657,2.00210113544971,1.14414642045613,,
MOKC8 2018-03-05 706.LMD,NA,NA,NA,NA,NA,NA,NA,NA,NA,NA,
MOKC8+S 2018-03-05 707.LMD,578.950287186646,907.927533788387,84.8712998299705,199.435855836308,0.06850371849465,0.045118906675654,2.50640630397454,1.98806059996211,1.06389219072561,,
MOKC9 2018-03-05 708.LMD,NA,NA,NA,NA,NA,NA,NA,NA,NA,NA,
MOKC9+S 2018-03-05 709.LMD,537.743088943529,2773.4801111767,93.2980354709383,205.138672713302,0.038366278982557,0.046955996244418,1090.41540167969,1.97028141635777,1.13701178618488,,
MSWD1+S 2018-03-05 732.LMD,243.258589133993,577.81302995409,82.724987475728,169.935010084452,0.050889798583252,0.053269216327484,1.82605220554044,NA,1.21700918831582,,
MSWD2+S 2018-03-05 733.LMD,373.500875273988,974.117873857273,79.2737091969721,171.739469064951,0.1201567341084,0.049547082229549,1.0083333326112,2.00200836896713,1.15398209899832,,
MSWD3+S 2018-03-05 734.LMD,464.859667166985,1238.46141194743,85.5392870802923,192.243922712184,0.052780989369024,0.052586872969191,2.1050345813897,2.01408049555001,1.11237959922869,,
MSWD4+S 2018-03-05 735.LMD,62.4851410495382,157.12398844075,82.42764678614,194.493778858072,0.111754652300822,0.033370212088319,1.16406926406792,2.13110501445658,1.05951521007633,,
MSWD5+S 2018-03-05 736.LMD,NA,NA,NA,NA,NA,NA,NA,NA,NA,NA,
MSWD6+S 2018-03-05 737.LMD,176.048108665073,695.178127620025,84.9263907159232,188.108360251303,0.073284510239401,0.046985421141651,0.973479117550511,1.98031444375194,1.12868974300858,,
MSWD7+S 2018-03-05 738.LMD,76.6333370389217,797.344091902416,86.4848038247385,189.358109407424,0.037916700434158,0.048081519122268,1.85727287993179,1.93279423901056,1.1418154217871,,
OHCQ1+S 2018-03-09 753.LMD,2093.94747766972,640.467883349438,89.5842747930764,183.08279659998,0.054175429141402,0.056863387886933,127230032.865117,2.00414867043146,1.22327543134501,,
OHCQ15+S 2018-03-09 759.LMD,1976.42275785052,1396.02099271676,132.805433007323,181.932230983145,0.033351088650888,0.040353441356129,3.88019507853055,NA,1.8249299792793,triploid,
OHCQ19+S 2018-03-09 760.LMD,469.269463941781,257.979895173963,127.933225613529,177.23212955825,0.030378759691491,0.031545101821592,2.39316354858583,2.00377940866843,1.80459979142046,triploid,
OHCQ2+S 2018-03-09 754.LMD,492.542377779218,339.558928197816,89.8955750702638,185.519821060868,0.045241486132093,0.054064125939831,4.17252221364857,2.01015845785265,1.211401220584,,
OHCQ3+S 2018-03-09 755.LMD,1258.60421542094,938.294278673887,131.695977495814,185.202266343271,0.040901642868009,0.048055068231494,6.8031280422334,1.97995390652889,1.77773172132403,triploid,
OHCQ4+S 2018-03-09 756.LMD,2737.42472192393,929.609924292366,131.928064911413,182.938215863455,0.033510983414467,0.037853587180277,3.82672046661027,NA,1.80290466222055,triploid,
OHCQ5+S 2018-03-09 757.LMD,NA,NA,NA,NA,NA,NA,NA,NA,NA,NA,
OHCQ6+S 2018-03-09 758.LMD,3735.12475265825,806.98754280193,137.367146777522,200.180224725267,0.032456835236649,0.029368015594115,4.96757698556343,NA,1.71554341801305,,
WB1+S 2018-03-09 761.LMD,336.134993999213,218.989437294337,86.0631805944353,179.891080919142,0.029192349943683,0.032399506651076,2.71817594419834,NA,1.19604568712775,,
WB10+S 2018-03-09 770.LMD,191.402308088172,2059.1850351576,143.42844586855,200.735972766941,0.027147783706477,0.035002546899841,6.922635411589,NA,1.78628229773088,triploid,
WB11+S 2018-03-09 771.LMD,1491.63912452338,2622.69856944234,87.1473345300815,185.002253959627,0.060148420716988,0.044322328881847,1.60640737714076,1.96133543283512,1.17765233483452,,
WB12+S 2018-03-09 772.LMD,716.992537016467,1033.35818848655,83.4298167499467,179.478070521878,0.041287084504688,0.033587377007933,1.58001332914332,1.97375151901551,1.16211713926043,,
WB13+S 2018-03-09 773.LMD,154.847918613629,1596.86407970304,123.017443248169,178.130950100072,0.046209612515009,0.05691305662363,2.96429804156089,1.99396437063801,1.72650293476595,triploid,
WB14+S 2018-03-09 774.LMD,332.276236449487,541.775445906443,125.929094494834,172.836495072593,0.031621647509988,0.042204089484601,2.44692544643785,2.00037745941909,1.8215061356391,triploid,
WB15+S 2018-03-09 775.LMD,77.1894799649242,273.703249483955,121.687717250648,171.192568779916,0.053209430696602,0.050721986188286,1.64735282729204,2.06487476388992,1.77705898856932,triploid,
WB16+S 2018-03-09 776.LMD,485.216633139567,1755.83575853089,122.809799990907,176.620534672411,0.03992756505114,0.057833874930154,2.95879038967715,2.01430718055298,1.73832844831279,triploid,
WB17+S 2018-03-09 777.LMD,315.622762099712,1482.31182879761,117.533654279475,167.912337308226,0.058201442414164,0.06303595765451,2.42194872078871,1.96490953388026,1.74992582682781,triploid,
WB2+S 2018-03-09 762.LMD,114.260237731419,1003.89404341949,135.773703394218,189.7885229488,0.022956719992478,0.033878500209265,2.30945066796289,NA,1.78848674941801,triploid,
WB3+S 2018-03-09 763.LMD,387.750278946246,639.867672220504,86.9891996456482,182.68065074605,0.035435299329684,0.031197087152107,1.35636312270825,1.98332150125112,1.19045448013231,,
WB4+S 2018-03-09 764.LMD,433.072746258562,1176.1786944362,128.281196033453,181.309374255408,0.024963028402401,0.031449237800682,2.73850449936412,NA,1.76881637477753,triploid,
WB5+S 2018-03-09 765.LMD,1057.21274285729,1488.81739138259,91.1357909333563,189.552065504019,0.052361968313189,0.041852113602746,2.72510635876743,2.00239782316612,1.20198889274863,,
WB6+S 2018-03-09 766.LMD,197.469995542185,1129.35331991536,141.671649687769,201.011774464535,0.024923078397973,0.02693577640058,3.06928095615446,NA,1.76198197922935,triploid,
WB7+S 2018-03-09 767.LMD,219.292143188021,297.94279106534,124.63682581577,176.984392343064,0.034279230144011,0.037492138843236,1.4928076871069,2.00125638266287,1.76056238866215,triploid,
WB8+S 2018-03-09 768.LMD,191.841091202014,654.894843583959,130.304252600927,183.196575144546,0.024400785105297,0.039243555066168,2.46058252720729,2.00611537971152,1.77820262876249,triploid,
WB9+S 2018-03-09 769.LMD,NA,NA,NA,NA,NA,NA,NA,NA,NA,NA,
ILHE1 + Soy 2018-03-21 815.LMD,380.477412630922,390.099565755354,85.7458108700085,184.244580219135,0.070816368937131,0.018973219819484,0.937051509856545,2.12580221541498,1.16347806225867,,
ILHE2 + Soy 2018-03-21 816.LMD,NA,NA,NA,NA,NA,NA,NA,NA,NA,NA,
ILHE3 + Soy 2018-03-21 817.LMD,229.612497992029,2786.36434902974,59.7620525328597,184.381731524983,0.042137610645438,0.03868905134768,2.21645376401975,NA,0.8103033315527,,
ILHE4 + Soy 2018-03-21 818.LMD,39.1290031706722,1335.73212385108,52.5279730583551,174.84591505905,0.037988808073018,0.033535778976424,5.41992535401875,NA,0.751060913270623,,
ILLG11 + Soy 2018-03-21 841.LMD,31.4866064408653,975.066205882309,49.0189557995232,172.123372027151,0.036725567937803,0.061039261184414,1.83332262675244,NA,0.711974138407405,,
ILLG13 + Soy 2018-03-21 842.LMD,866.637504334861,3927.95874438292,74.4346235654123,180.08059287672,0.119458644003196,0.032998600739069,1.15689635784249,2.29817928511201,1.03335154522132,,
ILLG14 + Soy 2018-03-21 843.LMD,1187.74507456194,2694.84047796667,83.874572088129,179.045158943765,0.049133621484981,0.030564893412351,1.44395994928068,1.92900641318589,1.17113711120322,,
ILLG15 + Soy 2018-03-21 844.LMD,391.434943940046,5100.40337545335,61.5738099641772,196.565709696574,0.028854587782307,0.030781353313269,6.68986087511697,NA,0.783119930470385,,
ILLG16 + Soy 2018-03-21 845.LMD,41.6475981305043,681.836632912973,86.2714058579129,185.792402220363,0.023579945888916,0.026490135667878,1.52614512840696,1.95071057887029,1.16085755965937,,
ILLG18 + Soy 2018-03-21 846.LMD,237.152085426629,78.9183066781462,78.1505584220066,170.60114032127,0.04712333512311,0.005180904522535,1.12136666818486,2.1753348040095,1.14522327158594,,
ILLG19 + Soy 2018-03-21 847.LMD,199.918680628554,438.06412446366,69.0198139888719,161.603084005018,0.122591226660718,0.068448143536189,0.959644867522711,2.0806562074431,1.06773664645424,,
ILLG4 + Soy 2018-03-21 839.LMD,NA,NA,NA,NA,NA,NA,NA,NA,NA,NA,
ILLG7 + Soy 2018-03-21 840.LMD,92.7649667488175,1366.54335426771,83.0288914533602,182.923188627785,0.044264831755831,0.053646105920244,3.07163336279154,1.99220786470661,1.13475076719645,,
ILWB13 + Soy 2018-03-21 832.LMD,NA,NA,NA,NA,NA,NA,NA,NA,NA,NA,
ILWB15 + Soy 2018-03-21 833.LMD,632.194779047762,2026.4068460117,76.596722300194,172.102098024108,0.08727220334849,0.036160117916199,1.47141091815366,2.07408976998352,1.11266398230462,,
ILWB16 + Soy 2018-03-21 834.LMD,NA,NA,NA,NA,NA,NA,NA,NA,NA,NA,
ILWB2 + Soy 2018-03-21 828.LMD,NA,NA,NA,NA,NA,NA,NA,NA,NA,NA,
ILWB22 + Soy 2018-03-21 835.LMD,204.428680365371,714.800631014139,67.7845462745,177.12833309114,0.127989958606721,0.033080692113623,1.10609830396881,2.38141687266289,0.956715183443043,,
ILWB23 + Soy 2018-03-21 836.LMD,NA,NA,NA,NA,NA,NA,NA,NA,NA,NA,
ILWB24 + Soy 2018-03-21 837.LMD,829.12520149793,1518.47658156228,84.5118265287749,183.64648358228,0.044595692212315,0.030669019705287,3.77149419704384,2.01511905791905,1.15046889110336,,
ILWB27 + Soy 2018-03-21 838.LMD,128.362293207775,479.46817021308,82.5727713574724,177.947753195007,0.047126165426791,0.026840352837804,1.13220900784431,1.92078467253979,1.16007044026827,,
ILWB5 + Soy 2018-03-21 829.LMD,NA,NA,NA,NA,NA,NA,NA,NA,NA,NA,
ILWB6 + Soy 2018-03-21 830.LMD,NA,NA,NA,NA,NA,NA,NA,NA,NA,NA,
ILWB7 + Soy 2018-03-21 831.LMD,650.312999404904,722.16966145916,79.578833916814,181.003004657054,0.065149871076906,0.034800433828243,0.949868216053601,2.01001340619703,1.09913691857756,,
INEM1 + Soy 2018-03-20 804.LMD,1429.06950069969,601.239627706004,78.8426541657458,178.083524407025,0.108032362713818,0.053467561107668,1.1969329411255,1.95647540788864,1.10682128552139,,
INEM10 + Soy 2018-03-20 810.LMD,3904.13922988638,1086.76657516258,89.2437477925097,188.795506457748,0.070722782434281,0.058360845982657,1.49729151564401,1.98351542750337,1.18175148162865,,
INEM12 + Soy 2018-03-20 811.LMD,1198.5289412159,677.683960412403,89.1905871580598,190.983244302295,0.062947108557703,0.047417768771275,3.04354339465614,1.9995049415315,1.16751848419862,,
INEM14 + Soy 2018-03-20 812.LMD,688.740987981958,1022.12513986432,83.3053612855789,180.016711015705,0.045549997750116,0.040683971623319,4.05414210712028,1.92864293960151,1.15691150026498,,
INEM15 + Soy 2018-03-20 813.LMD,398.924510034233,696.179928916117,82.6249133997897,181.41221579227,0.05194295138827,0.032528238098884,1.28467498346009,2.00605042150543,1.13863491825712,,
INEM4 + Soy 2018-03-20 805.LMD,2050.36947222885,709.509167058241,89.7086034328824,191.744318624642,0.078252350004326,0.032116236874657,1.60335526280554,2.12118249997481,1.16963835064776,,
INEM5 + Soy 2018-03-20 806.LMD,2135.68699185085,1518.63554982668,85.6313326735205,188.548911825807,0.081217937936582,0.053094320218774,3.31249458137223,2.34475967996473,1.13539945476631,,
INEM6 + Soy 2018-03-20 807.LMD,4546.15241159237,1411.00651682382,85.9755311695964,188.677496324968,0.075130104203143,0.0521598325121,1.81543824568612,1.95873991682442,1.13918634765956,,
INEM7 + Soy 2018-03-20 808.LMD,3715.70262504108,604.307800785265,87.4090158579238,183.178462953023,0.039863741178549,0.039066711385696,7.09636710532735,1.95950697959967,1.19294886594201,,
INEM9 + Soy 2018-03-20 809.LMD,2951.51562394132,1392.48138504393,86.1586003264097,182.135138532647,0.037821911998844,0.030621589429356,1.75053310539528,1.88846450068087,1.18261913956497,,
MIWA1 + Soy 2018-03-20 796.LMD,225.317157511208,609.159806544579,134.082851398873,187.741023340115,0.023631792592497,0.026009777787674,1.86233527884905,NA,1.78547619765508,triploid,
MIWA10 + Soy 2018-03-20 802.LMD,2367.12316667909,909.524126768527,129.778883043903,197.293734231211,0.067612424599038,0.038477652598239,2.48454797523884,NA,1.64448814795879,triploid,
MIWA11 + Soy 2018-03-20 803.LMD,771.215415251307,318.817086696012,122.067442725522,183.386672526924,0.051652165677374,0.021585421951518,1.80536761258668,2.03675850411859,1.66407189033327,triploid,
MIWA2 + Soy 2018-03-20 797.LMD,282.732722177315,986.386312295509,131.538533426091,185.780435065197,0.027374278570987,0.033245687909466,1.78280119447676,NA,1.77008054400252,triploid,
MIWA4 + Soy 2018-03-20 798.LMD,307.694400053913,1061.01651697819,127.35999563814,182.289461458705,0.036409728150198,0.032967518571306,2.00787243279132,NA,1.74667249849481,triploid,
MIWA6 + Soy 2018-03-20 799.LMD,NA,NA,NA,NA,NA,NA,NA,NA,NA,NA,
MIWA8 + Soy 2018-03-20 800.LMD,NA,NA,NA,NA,NA,NA,NA,NA,NA,NA,
MIWA9 + Soy 2018-03-20 801.LMD,2025.97030278928,984.602842378829,129.102538844826,194.007941542042,0.056321230143583,0.052225125805967,2.93563191066224,NA,1.66362440911793,triploid,
MOMA1 + Soy 2018-03-21 856.LMD,NA,NA,NA,NA,NA,NA,NA,NA,NA,NA,
MOMA2 + Soy 2018-03-21 857.LMD,NA,NA,NA,NA,NA,NA,NA,NA,NA,NA,
OHES1 + Soy 2018-03-20 788.LMD,3318.88046243411,1214.59787883602,87.6873693168635,184.841528899607,0.070373729047532,0.040293366179788,2.66526901997193,1.97564899120272,1.18598036164926,,
OHES2 + Soy 2018-03-20 789.LMD,745.372618665079,645.948817524245,89.6042122923892,185.344236127558,0.052990037901146,0.049359887464751,5.83238405209256,2.01484540601501,1.20861881335659,,
OHES3 + Soy 2018-03-20 790.LMD,3861.47092765407,969.059591964303,89.8812845889974,192.830814022838,0.05678966256953,0.060783040057125,10.0456630172004,2.01490397508564,1.1652868480132,,
OHES4 + Soy 2018-03-20 791.LMD,575.947631502565,2305.90924575541,83.9110928729827,182.340488491198,0.075385025503031,0.052610263417723,1.09384969196127,1.99962206324972,1.1504725797232,,
OHES5 + Soy 2018-03-20 792.LMD,330.884066800889,721.141391480166,85.2779307565275,182.745938381661,0.08379686465132,0.034129267642185,0.95104276422048,2.02827019619226,1.16661868810494,,
OHES6 + Soy 2018-03-20 793.LMD,1643.01308361649,1240.16778341633,89.4504356762477,187.963161371571,0.043389649717094,0.043377130739451,2.32428656285019,2.00653340128431,1.18973360289759,,
OHES7 + Soy 2018-03-20 794.LMD,2331.27147322536,766.374012186459,86.2159111838362,193.558882826624,0.092172315490587,0.034491812433417,1.33533724331315,2.24436892547813,1.1135617999648,,
OHES8 + Soy 2018-03-20 795.LMD,NA,NA,NA,NA,NA,NA,NA,NA,NA,NA,
ILGG12 + Soy 2018-03-22 868.LMD,120.312582435613,765.835022104315,132.502479214673,186.354473347841,0.018283482787541,0.041352689597976,1.73524124996137,NA,1.77755968013912,triploid,
ILGG18 + Soy 2018-03-22 869.LMD,69.919281619387,388.142236654778,119.465859907271,170.69428665177,0.070805754108434,0.054051602937021,1.29793873210429,2.01997549864384,1.74970501723632,triploid,
ILGG18+s 2018-03-22 874.LMD,1963.31657088109,5.60057603166419,163.658237772399,233.553534402836,0.05947062047453,0.016983051163947,1.89789846408593,NA,1.75182788595825,triploid,
ILGG19 + Soy 2018-03-22 870.LMD,43.1756325533954,359.4762394742,122.49877502193,173.749781678777,0.032913093084686,0.031548587025997,3.7461624577605,1.89652448341277,1.76257451719279,triploid,
ILGG19+s 2018-03-22 873.LMD,493.692158478166,691.263128152566,110.310049059242,163.010339603621,0.12381861771886,0.050884219060207,1.11555182938379,NA,1.69176460412685,triploid,
ILGG2 + Soy 2018-03-22 863.LMD,NA,NA,NA,NA,NA,NA,NA,NA,NA,NA,
ILGG20 + Soy 2018-03-22 871.LMD,463.335870886413,2199.83924476334,115.597399906384,173.929767314313,0.067621711594986,0.041183764865384,3.9267849590657,1.99533006211754,1.66155284531436,triploid,
ILGG5 + Soy 2018-03-22 864.LMD,48.4796923094311,351.554483565377,130.572159904703,182.900721978737,0.02420174473151,0.034740666684449,2.43950214999128,NA,1.78474090331752,triploid,
ILGG6 + Soy 2018-03-22 865.LMD,85.5339974847287,817.02810081491,113.664981844097,183.655766915148,0.033996172600957,0.038674288699158,2.50785496296076,2.00331023615173,1.54725582203759,triploid,
ILGG7 + Soy 2018-03-22 866.LMD,36.9278082666289,214.248983522266,124.219941011964,180.599744653484,0.013975606604904,0.024788605435309,2.42475096252082,1.92050123791522,1.71954757259352,triploid,
ILGG9 + Soy 2018-03-22 867.LMD,118.776419064992,410.361932032108,123.665998029847,176.785092653125,0.02092917336161,0.028109409226786,1.53118288287532,1.9416754332932,1.74881824273068,triploid,
ILHE1 + Soy 2018-03-22 859.LMD,293.251997232312,1587.30657325592,89.5208458200512,190.324568426173,0.055384032801616,0.038525860508316,5.17715158991984,2.07340475547054,1.17589713404206,,
ILHE2 + Soy 2018-03-22 860.LMD,NA,NA,NA,NA,NA,NA,NA,NA,NA,NA,
ILHE3 + Soy 2018-03-22 861.LMD,8.7568670979038,1207.5804401851,89.9693784174823,179.071125223735,0.042257034675526,0.027202308459105,2.7446935802559,2.02279198057181,1.25605647344138,,
ILHE4 + Soy 2018-03-22 862.LMD,465.173546554454,321.552265167395,74.3223468510509,171.894325555276,0.099900112922107,0.021728519788719,1.50611350382817,2.33500063222437,1.08093077841524,,
ARCC1 + Soy 2018-05-11 571.LMD,614.270388225056,939.429148107542,85.4960714241983,165.126594403976,0.046446052833271,0.035258090605892,6.45301071245524,2.03107988061172,1.29440190619803,,
ARCC13 + Soy 2018-05-11 576.LMD,545.208755874883,807.131690945537,86.8083562278239,173.277442326707,0.078263735503742,0.031171065859227,1.17570226770465,2.08808857260082,1.25244744875895,,
ARCC14 + Soy 2018-05-11 577.LMD,389.942809459822,442.274613092197,87.9252864387286,171.448962673854,0.054117818154011,0.04151676911056,4.62627708735398,2.01806808545327,1.28209125718054,,
ARCC15 + Soy 2018-05-11 578.LMD,652.177152027738,1135.39921205848,79.3704291389754,159.351547290436,0.137306761946606,0.047583208591971,2.26708006262537,2.04942173126752,1.24520957732394,,
ARCC16 + Soy 2018-05-11 579.LMD,368.076923699416,438.410038329285,86.1992263700004,167.994404624894,0.093697402494993,0.037502705083246,0.974420666382762,NA,1.28276930655027,,
ARCC17 + Soy 2018-05-11 580.LMD,770.167106506716,1104.37785093315,83.5727791692963,169.596595799904,0.078016865701266,0.045458931880464,0.907360007935992,2.08867462953267,1.23193479761673,,
ARCC3 + Soy 2018-05-11 572.LMD,676.641664529159,500.450782597957,86.9852184476687,167.241861429082,0.069397289215335,0.030540650983795,1.01369075744582,1.96982291284512,1.30029075412669,,
ARCC4 + Soy 2018-05-11 573.LMD,NA,NA,NA,NA,NA,NA,NA,NA,NA,NA,
ARCC6 + Soy 2018-05-11 574.LMD,439.269132937695,296.618951842315,85.9637133962869,161.37502842681,0.085543999192948,0.031308912075642,1.07156460550602,1.94377061955343,1.33173816039442,,
ARCC8 + Soy 2018-05-11 575.LMD,279.761610572434,425.512304055541,90.5861282181821,173.189568992273,0.045532202276021,0.025424591472388,5.05993120529954,1.99082272015331,1.30761524416958,,
ARGR11 + Soy 2018-05-11 566.LMD,NA,NA,NA,NA,NA,NA,NA,NA,NA,NA,
ARGR13 + Soy 2018-05-11 567.LMD,360.978529961202,572.724691808033,85.6201586123765,166.623330424069,0.046738959489411,0.056095369536913,4.19534570176543,1.95430710388728,1.28463640707557,,
ARGR15 + Soy 2018-05-11 568.LMD,802.96011839051,1017.88213753919,83.9826021956668,169.389929983993,0.109947972909345,0.055202713076499,1.2632116826302,1.95980463457009,1.2394863467327,,
ARGR18 + Soy 2018-05-11 569.LMD,330.027341410102,361.269756064101,81.5919575866678,156.140210527629,0.071433491459021,0.029513982707545,1.02157073561043,1.97549790146163,1.30638925922657,,
ARGR19 + Soy 2018-05-11 570.LMD,158.182338647833,236.720372260898,86.0141294168501,166.561105240168,0.060264610659871,0.059982389689612,1.82761269589749,1.96651374649707,1.29102963883472,,
ARGR3 + Soy 2018-05-11 563.LMD,392.166577325898,509.945029927992,84.756763919676,165.905206372577,0.04936008489823,0.043920849089862,2.91332271964804,2.0148212350839,1.27718662019165,,
ARGR5 + Soy 2018-05-11 564.LMD,457.503299863833,500.724507456813,82.9553078300881,161.78457297812,0.090260787588107,0.029546296807474,1.02979988435021,2.00446088491168,1.28187914185902,,
ARGR9 + Soy 2018-05-11 565.LMD,379.867959529851,575.58604592301,83.2259450974457,160.211786908248,0.068535384668138,0.053573447463867,77.4368120842999,2.5,1.29868636233844,,
MSCS10 + Soy 2018-05-11 587.LMD,1391.86683925073,470.107596318805,88.1282982735289,169.011124991212,0.086971067182756,0.047744444506402,1.00479492960091,1.98441560296289,1.3035872383861,,
MSCS11 + Soy 2018-05-11 588.LMD,492.432097058961,1018.19597180251,82.8233040968882,161.054986912675,0.06221204456162,0.043731048110589,2.78137368927598,2.04053709124678,1.28563706229406,,
MSCS13 + Soy 2018-05-11 589.LMD,370.318531417458,573.036166544047,85.5231330525298,160.31161565695,0.061114811888571,0.040817792160104,4.53775678365203,2.01673320505837,1.33370143988101,,
MSCS14 + Soy 2018-05-11 590.LMD,913.914548403043,966.606748104349,78.8180209502082,160.53330589439,0.165623733729886,0.050113453736261,1.05931831947873,2.0525336367566,1.22744032011121,,
MSCS15 + Soy 2018-05-11 591.LMD,283.615720039746,207.466631842478,80.9548946416549,161.619557920504,0.120034458821935,0.040907192461089,1.14168145147551,NA,1.25224471102492,,
MSCS16 + Soy 2018-05-11 592.LMD,1236.76247041539,245.595026707491,82.6439472942229,162.225764309666,0.079089472926608,0.041236467723535,1.19248597114599,2.04218427593282,1.27359466675816,,
MSCS2 + Soy 2018-05-11 581.LMD,2169.54530638719,465.862356211316,86.7765228588769,172.083919876029,0.088713645643271,0.037230164330885,1.21477165697612,2.002013120112,1.26067157990984,,
MSCS3 + Soy 2018-05-11 582.LMD,986.56159247045,624.089369354901,86.3535934825064,164.488511655571,0.108098210323981,0.067279066435961,1.18240006383567,1.99114659100033,1.31245630186206,,
MSCS5 + Soy 2018-05-11 583.LMD,939.568836053595,444.517987933832,84.250734427725,168.189680807963,0.071099221409574,0.039502649579745,2.05813482993396,2.04973759209157,1.2523172352637,,
MSCS6 + Soy 2018-05-11 584.LMD,1638.33297231982,608.127477322696,86.2449444119322,165.795690153192,0.08881767583029,0.057418505028644,1.24685186064255,1.97861904297759,1.30047024039412,,
MSCS7 + Soy 2018-05-11 585.LMD,1408.22383716235,1280.55953621438,84.0795018644348,170.818547721892,0.107999279720604,0.059237820022034,1.28753368224104,1.97551385495019,1.23053823758828,,
MSCS8 + Soy 2018-05-11 586.LMD,1123.74188251151,945.789638000755,82.4295708961944,170.834892403233,0.100944438040528,0.052183306067391,2.61697918549019,2.09461052765581,1.20627539457265,,
MSSM1 + Soy 2018-05-11 593.LMD,1081.98768200182,207.618843830237,86.5036955723346,166.103017087017,0.079803812828381,0.031093459071175,1.3077156565111,2.03576346517325,1.3019585238331,,
MSSM16 + Soy 2018-05-11 600.LMD,133.703519935123,1164.43476033006,83.4104984521887,163.589396986104,0.073836699461597,0.045304376864437,2.10579315970689,2.14462351190326,1.27469292003188,,
MSSM2 + Soy 2018-05-11 594.LMD,661.188564086775,963.335685676037,85.3588362216102,170.365716893588,0.134842637790891,0.051179156350544,1.1375094522227,2.01041765132423,1.25258235309933,,
MSSM4 + Soy 2018-05-11 595.LMD,529.750355439814,1338.40036929052,85.5431607877468,175.239322001325,0.086873615495137,0.055153545176698,1.02401881607264,2.04543417914371,1.22037622336698,,
MSSM5 + Soy 2018-05-11 596.LMD,709.223416933803,610.805133338724,84.5399053946731,169.822789657528,0.077894059964342,0.046224117126673,1.10930815889834,2.05995265323278,1.2445312193546,,
MSSM6 + Soy 2018-05-11 597.LMD,1651.98349504933,1263.61889495809,83.673561911593,162.681101237719,0.078461845237123,0.048706472449849,1.14249847488688,2.03105340387881,1.28585252489354,,
MSSM8 + Soy 2018-05-11 598.LMD,788.77852774956,912.388913427048,82.2474665174175,166.941480891086,0.124049857544949,0.047222606120325,1.15558526312458,2.06419457821297,1.23168109684909,,
MSSM9 + Soy 2018-05-11 599.LMD,1100.02287424745,534.588989668205,87.1825272704946,176.343457542807,0.064190662144925,0.034099984640242,1.30380899957819,NA,1.23597620922981,,
ALAC16 + Soy 2018-05-14 612.LMD,NA,NA,NA,NA,NA,NA,NA,NA,NA,NA,
ALAC17 + Soy 2018-05-14 613.LMD,NA,NA,NA,NA,NA,NA,NA,NA,NA,NA,
ALAC18 + Soy 2018-05-14 614.LMD,NA,NA,NA,NA,NA,NA,NA,NA,NA,NA,
ALAC20 + Soy 2018-05-14 615.LMD,NA,NA,NA,NA,NA,NA,NA,NA,NA,NA,
ALAC21 + Soy 2018-05-14 616.LMD,NA,NA,NA,NA,NA,NA,NA,NA,NA,NA,
MOKC1 + petunia 2017-09-11 553.LMD,1124.19859143036,2576.54878068815,60.1918374994248,159.116916062732,0.064498155831789,0.045357238405764,1.81391283491137,2.24606842370107,1.13486056018759,,
MOKC10 + petunia 2017-09-11 561.LMD,3198.75018903624,2666.97848222836,67.0570760890212,173.909348994079,0.055226511320724,0.040731699162836,2.2992677600887,2.34674208288252,1.15675913589852,,
MOKC11 + petunia 2017-09-11 562.LMD,1475.73742817972,2455.50455661165,62.6263240644263,166.834080866295,0.05876015235614,0.037993963885787,1.81518748367292,2.37183140359602,1.12614263954767,,
MOKC2 + petunia 2017-09-11 554.LMD,908.806817669131,3455.35770039232,55.7121216032878,149.24981282349,0.097876538901625,0.069242811989974,1.31376518683915,2.23396255367424,1.11984304467789,,
MOKC3 + petunia 2017-09-11 555.LMD,1118.73742993566,3142.18216352283,42.0360398483437,99.6854878430875,0.113030567186805,0.147070725438648,1.65467172195254,1.95824782379066,1.26505996282563,,
MOKC4 + petunia 2017-09-11 556.LMD,279.355703430828,1325.94106924801,53.9086346662536,132.77922335309,0.071325568517953,0.118781736608131,4.15999438015905,1.92672702908877,1.2180061000108,,
MOKC5 + petunia 2017-09-11 557.LMD,1630.41017225657,4016.40725172658,60.9357961629172,162.770896341054,0.051079208031814,0.041259550822535,5.06466720948426,NA,1.12309628194045,,
MOKC7 + petunia 2017-09-11 558.LMD,1965.42266388105,2042.90786684621,38.6457961805941,91.4239484306003,0.110455915891862,0.092421168309626,1.97305989628816,NA,1.26812930891724,,
MOKC8 + petunia 2017-09-11 559.LMD,1821.72828013663,3682.48364431713,53.9625612705315,147.090134820668,0.079958815536205,0.082177719763688,1.35806287283011,2.29938858672985,1.1006019133028,,
MOKC9 + petunia 2017-09-11 560.LMD,1500.3226887628,4973.77956355231,58.9859495318092,154.671900791062,0.087885573827645,0.070727312915994,1.49390335391235,2.10851556438961,1.14408530373252,,
MOKC5 2017-09-13 622.LMD,460.689144473998,0,67.3766159206285,139.013901647659,0.044982551267613,0.082663362604295,1.31204441460941,2.07596018740501,NA,NA,
MOKC5+petunia courtyard 2017-09-13 623.LMD,1408.68405168075,2170.02225023668,63.4263697211073,175.97345408656,0.049007052017425,0.029947750236501,1.74922309188886,2.5,1.08129439267428,,
MOKC5+petunia Tracey 2017-09-13 624.LMD,957.572636160639,962.343637390841,46.2024281224643,122.401463159673,0.055231998871562,0.046356944864063,1.23713022111579,2.06388830205912,1.13239891737715,,
MOKC7 2017-09-13 625.LMD,715.990819590791,204.125127972339,61.6086097351204,191.476033324923,0.049691970797389,0.224259557239895,1.57912868298872,2.02339404501154,NA,NA,
MOKC7+petunia courtyard 2017-09-13 626.LMD,527.288494037918,1792.99041884885,63.5472447130952,178.772357530677,0.045582033187321,0.027995399604926,2.23326534910945,1.60862218345134,1.06639380255737,,
MOKC7+petunia Tracey 2017-09-13 627.LMD,734.164259122977,788.197978844985,47.3288442142977,123.960536059335,0.064869379521928,0.048711272957303,1.54037389489716,2.5,1.14541722032348,,
MOKC3 + Soy 2017-09-26 731.LMD,1380.6913343593,1888.76590031962,62.6073848636957,133.146311541139,0.074735650499449,0.036863583163294,1.77078476996967,1.97479143692854,1.17553734945845,,
MSWD3 + Soy 2017-09-26 729.LMD,1309.96531794023,1316.21745358057,76.1865280849087,150.099549390376,0.068471803807378,0.030568332721012,1.23444029781732,NA,1.26893332448927,,
MSWD3 2017-09-26 728.LMD,739.489326231866,NA,69.2944886668404,NA,0.063193060243429,NA,1.84483229453716,1.99085980598662,NA,,
ALHR1 + Soy 2017-09-27 746.LMD,586.732115538113,560.143212601538,105.379125665991,218.828893735569,0.082502701536805,0.031865579789412,2.03584741016859,1.95228011851768,1.20389867017894,NA,
ALHR2 + Soy 2017-09-27 747.LMD,2377.68261330251,1473.4477459819,57.1974155584499,119.143492511273,0.061314019627815,0.035973169068023,3.14659104686428,1.98151573387182,1.2001791779152,,
ALHR3 + Soy 2017-09-27 748.LMD,838.457078536012,1349.25457950407,70.8412291715156,150.10309490939,0.075568475357225,0.033997151752569,1.37075833291061,1.99409291897182,1.17987622464212,,
ALHR4 + Soy 2017-09-27 749.LMD,425.470173188712,196.465809859891,59.7784628976829,115.969052918962,0.049932669357645,0.091178712145674,4.85391110067333,1.85537713063476,NA,,
ALHR5 + Soy 2017-09-27 750.LMD,603.021986584529,1314.91221958136,58.641897442824,124.319064308402,0.099585089959279,0.036844171101516,1.23355350014863,NA,1.17926196133019,,
ALHR6 + Soy 2017-09-27 751.LMD,NA,NA,NA,NA,NA,NA,NA,NA,NA,,
ALHR7 + Soy 2017-09-27 752.LMD,NA,NA,NA,NA,NA,NA,NA,NA,NA,NA,
ALHR8 + Soy 2017-09-27 753.LMD,NA,NA,NA,NA,NA,NA,NA,NA,NA,NA,
ALHR9 + Soy 2017-09-27 754.LMD,0,409.351387133109,65.0049411033112,140.176728714933,0.040572435441345,0.036533409928497,5.85E+108,NA,1.15933903043755,NA,
ARWR1 + Soy 2017-09-27 778.LMD,504.850685373978,567.725873049973,64.7668039374275,132.338039844099,0.082629844937507,0.037041219922921,1.39875542336604,1.85561886373992,1.22351071569682,,
ARWR10 + Soy 2017-09-27 787.LMD,2759.78667310113,750.602488256729,68.0527227968522,145.01629304755,0.09947097728845,0.040681571624226,1.3218763664732,1.98512088435636,NA,,
ARWR11 + Soy 2017-09-27 788.LMD,1078.99151357445,1439.70696323232,72.0194695315364,143.60699564542,0.072622290298253,0.033666745053591,1.05550162341438,1.97508220939114,1.25375976998641,NA,
ARWR12 + Soy 2017-09-27 789.LMD,325.008957367827,NA,103.071925394593,NA,0.072120092286638,NA,5.90572355825175,2.04003099526496,NA,,
ARWR13 + Soy 2017-09-27 790.LMD,1733.55856856269,2037.00320767147,50.9916640742171,99.7746981257763,0.085744918871154,0.054899168784772,2.13186587236134,2.01555230853198,NA,NA,
ARWR14 + Soy 2017-09-27 791.LMD,236.679415851622,1218.20722067997,61.2014245821292,110.210651483475,0.055866433828849,0.047130764189576,59.1939514464406,1.93476853866402,NA,NA,
ARWR15 + Soy 2017-09-27 792.LMD,NA,NA,NA,NA,NA,NA,NA,NA,NA,NA,
ARWR16 + Soy 2017-09-27 793.LMD,NA,NA,NA,NA,NA,NA,NA,NA,NA,NA,
ARWR17 + Soy 2017-09-27 794.LMD,701.394101079298,1804.03095845278,73.130702689283,148.203402578952,0.055231466971568,0.035468477143909,3.51381334738459,2.01238315897406,1.23362050763855,NA,
ARWR18 + Soy 2017-09-27 795.LMD,390.309695967374,253.423379571924,67.9450845543273,143.899039438404,0.074530961975934,0.023537529603308,1.83964661037917,NA,1.18042977943941,,
ARWR19 + Soy 2017-09-27 796.LMD,706.312513588973,1311.74641012767,66.4385990724087,137.081052894606,0.052101146504823,0.053911618267984,4.48237946350351,2.02862004415418,1.21166634026895,,
ARWR2 + Soy 2017-09-27 779.LMD,1460.68482082267,2633.63715808103,66.8644483413006,121.644965974086,0.064294154402269,0.042686855546423,6.19431618934071,1.94145495378651,1.37417212060268,,
ARWR20 + Soy 2017-09-27 797.LMD,NA,NA,NA,NA,NA,NA,NA,NA,NA,,
ARWR3 + Soy 2017-09-27 780.LMD,39.1218146491385,1193.10174624466,72.8205398409477,135.284400940586,0.06054779502394,0.076032705047904,6.90E+26,NA,NA,NA,
ARWR4 + Soy 2017-09-27 781.LMD,1271.35786506422,1769.61529093753,71.6299441044201,135.993079215047,0.104740849113984,0.077721252664652,1.07553411251107,1.84342197275336,1.31679392285748,NA,
ARWR5 + Soy 2017-09-27 782.LMD,237.028739059511,1158.80759889622,62.1746648972012,129.312310005087,0.081474884025915,0.042934503328174,1.43831489985635,2.1264789960143,1.20202525372015,,
ARWR6 + Soy 2017-09-27 783.LMD,2336.03068829974,1333.89453647306,50.7927535214584,106.429888117676,0.087098117426179,0.03754840918902,3.62307872372304,2.02898144751793,1.19310361073805,,
ARWR7 + Soy 2017-09-27 784.LMD,2081.95175982877,1859.90252112885,52.058155716301,106.1551955063,0.069739164170201,0.033449117291719,2.56306806658673,2.06675758740329,1.2259917064825,,
ARWR8 + Soy 2017-09-27 785.LMD,NA,NA,NA,NA,NA,NA,NA,NA,NA,,
ARWR9 + Soy 2017-09-27 786.LMD,1899.83834969456,2690.0272075844,54.2974075177794,112.960284292041,0.058418265819869,0.036395093229897,3.33568364944854,1.96910238376885,1.20169243239071,NA,
MOMA1 + Soy 2017-09-27 755.LMD,2319.15293273846,1518.77055737439,62.6309844713784,139.295181822951,0.065893177115439,0.031521362212062,1.47766173881593,2.42268316424219,1.12406946980737,NA,
MOMA10 + Soy 2017-09-27 764.LMD,947.404914898962,808.609371677751,63.5301953275178,123.71757037663,0.058608328562971,0.043121372249795,2.58324334941156,1.96219675996201,1.28377471231682,,
MOMA11 + Soy 2017-09-27 765.LMD,642.870717388851,2655.85945303866,66.1595851546694,137.67569750949,0.098679353461005,0.039148953216368,1.30859696062315,2.01343419054638,1.20136644214403,,
MOMA12 + Soy 2017-09-27 766.LMD,875.307339594757,1278.83611399181,68.8470094826904,141.172416558209,0.056912678183639,0.038437821419379,3.70011676128754,1.99599309006557,1.21920080354902,,
MOMA13 + Soy 2017-09-27 767.LMD,525.536333369161,1495.1637861696,66.7995710419558,134.233624711171,0.070365601370592,0.036950545934905,7.46479568025816,2.18324300789728,1.24409161984725,,
MOMA14 + Soy 2017-09-27 768.LMD,448.306126053354,864.958325064805,70.9781455802873,144.947115947828,0.053750792117009,0.030345027646966,3.7845626882783,2.00064475258807,1.2242076207614,,
MOMA15 + Soy 2017-09-27 771.LMD,1705.37768628189,2852.48378617625,58.7822937358331,124.552415869647,0.068572620383433,0.042665436640375,2.35946779500236,2.15845754258124,1.17987060558811,,
MOMA16 + Soy 2017-09-27 772.LMD,1020.90470313587,2865.0062671093,67.7477556834178,144.392673139673,0.059868590932853,0.034996901381852,1.69629698015804,2.02391141580914,1.17297772474031,,
MOMA17 + Soy 2017-09-27 773.LMD,910.504658050765,58.8463748489147,63.1050123625431,134.192340011542,0.047676647893657,0.030494423687249,1.77E+90,2.0797340650449,1.17564483108938,,
MOMA18 + Soy 2017-09-27 774.LMD,1260.19237813479,1687.0757691836,61.0878106002227,131.122737304734,0.048111502561963,0.035181368695219,7.70E+88,2.21283545733097,1.16470666826937,,
MOMA19 + Soy 2017-09-27 775.LMD,860.36181402399,2339.32471310594,62.4805997063958,132.621142460029,0.044687221034378,0.029627048313738,7.57662598870732,2.18896383994163,1.17780239536895,,
MOMA2 + Soy 2017-09-27 756.LMD,1168.105928406,1188.38211564278,67.5605104772988,141.336629923396,0.051679485791938,0.028378469591679,4.22E+51,2.15101378123676,1.19502832552885,,
MOMA20 + Soy 2017-09-27 776.LMD,155.614354380571,1578.83846732326,70.6626061589144,139.940517276289,0.037060918574803,0.0221037428889,8.40501815744625,NA,1.26236860371544,,
MOMA3 + Soy 2017-09-27 757.LMD,739.274687008378,2255.06011612388,69.0355515433728,146.249479490246,0.07110231846416,0.034843767011393,1.43292978464819,2.00947661461196,1.18009909819845,,
MOMA4 + Soy 2017-09-27 758.LMD,418.140328340255,554.844131036529,80.9563190921917,161.290472942738,0.052381479372023,0.032515256080682,5.11019357914157,NA,1.25482177612767,,
MOMA5 + Soy 2017-09-27 759.LMD,1094.55090733092,1327.12452914281,70.2417080530241,145.028828270755,0.07569196464222,0.032633608273264,1.43866496745828,2.13117537763176,1.21082320133431,,
MOMA6 + Soy 2017-09-27 760.LMD,1272.58043729285,859.226115054199,65.2146830204144,135.219825508822,0.051481729048254,0.040576402878458,1.88596397808071,NA,1.20571600309009,,
MOMA7 + Soy 2017-09-27 761.LMD,1125.87526823565,1254.09010334729,92.4328280093328,183.691655852975,0.051610536616883,0.031079893590572,1775268815.43034,NA,1.25798893232411,,
MOMA8 + Soy 2017-09-27 762.LMD,824.212196771236,1233.20540390347,68.5483354262683,141.239373465957,0.054339996612952,0.036600008715218,3.72833314754538,2.05559886123201,1.21333615662758,,
MOMA9 + Soy 2017-09-27 763.LMD,1360.9737121697,1789.4772319383,67.3733005723389,143.168521352814,0.058473589160068,0.036515127762023,1.53057759650267,1.92865450873144,1.1764684711367,,
TXFW1 + Soy 2017-09-29 800.LMD,NA,NA,NA,NA,NA,NA,NA,NA,NA,NA,
TXFW10 + Soy 2017-09-29 809.LMD,1215.31608534146,555.61902259822,67.5010191041229,142.065163163929,0.072689898362599,0.072898170503887,9.85E+23,2.00919676199387,1.18785312318674,NA,
TXFW11 + Soy 2017-09-29 810.LMD,413.860755678284,390.740765328877,70.3377686576119,169.600130073523,0.226310962900656,0.033276618286689,0.877943473052508,2.30714143567464,1.03681772866447,,
TXFW12 + Soy 2017-09-29 811.LMD,NA,NA,NA,NA,NA,NA,NA,NA,NA,,
TXFW13 + Soy 2017-09-29 812.LMD,345.212772122911,269.063310611869,70.1091086531713,155.762948475011,0.092150048921405,0.031151300160762,1.05068030117477,2.41360188537022,1.1252532989965,NA,
TXFW14 + Soy 2017-09-29 813.LMD,443.82208522384,281.417454272202,64.6459611025714,152.066391566852,0.15721316735277,0.043935810081129,1.14539564465997,2.19580831477847,1.062791725977,,
TXFW15 + Soy 2017-09-29 814.LMD,393.835738417962,910.090259258506,69.417319360126,158.880389634648,0.138845825093183,0.055466548564204,1.05762959784245,2.10097521288698,1.09228897788698,,
TXFW16 + Soy 2017-09-29 815.LMD,NA,NA,NA,NA,NA,NA,NA,NA,NA,,
TXFW18 + Soy 2017-09-29 816.LMD,NA,NA,NA,NA,NA,NA,NA,NA,NA,NA,
TXFW19 + Soy 2017-09-29 817.LMD,NA,NA,NA,NA,NA,NA,NA,NA,NA,NA,
TXFW2 + Soy 2017-09-29 801.LMD,NA,NA,NA,NA,NA,NA,NA,NA,NA,NA,
TXFW20 + Soy 2017-09-29 818.LMD,NA,NA,NA,NA,NA,NA,NA,NA,NA,NA,
TXFW3 + Soy 2017-09-29 802.LMD,NA,NA,NA,NA,NA,NA,NA,NA,NA,NA,
TXFW4 + Soy 2017-09-29 803.LMD,NA,NA,NA,NA,NA,NA,NA,NA,NA,NA,
TXFW5 + Soy 2017-09-29 804.LMD,NA,NA,NA,NA,NA,NA,NA,NA,NA,NA,
TXFW6 + Soy 2017-09-29 805.LMD,NA,NA,NA,NA,NA,NA,NA,NA,NA,NA,
TXFW8 + Soy 2017-09-29 807.LMD,545.802241084527,531.456896774672,73.4461958726059,162.536792674951,0.121194088064594,0.043970077019332,0.891965695625255,2.24152702199729,1.12968569552568,NA,
TXFW9 + Soy 2017-09-29 808.LMD,97.7299454015928,414.485941081594,78.0074879306516,165.571777793795,0.039758528639295,0.059047465715229,4.67867122124476,1.97637020733126,1.17785000816689,,
GC 3 2016-06-30 359.LMD,1187.10714222585,3933.3420787387,130.804924569439,196.257656327569,0.057786600511856,0.057402965115998,2.93865559257753,NA,1.66623976634975,triploid,
GC 5 2016-06-30 361.LMD,677.089274324954,3511.11781651637,116.591327352088,174.367413707496,0.069275314716137,0.094152994678658,3.40694514701822,2.14175386207627,1.67163297420457,triploid,
GC 6 2016-06-30 362.LMD,0,585.890475997717,118.497883745743,160.941179275048,0.044974559839355,0.035799078221876,10.6718331337073,2.46511152997106,1.84070174394631,triploid,
GC 8 2016-06-30 364.LMD,1402.34761592088,5893.7274701312,122.048270584803,188.209741143569,0.060228517514386,0.059969622043099,1.8646080253222,2.0435853822949,1.62117366831324,triploid,
Gun Club 1 2016-06-30 365.LMD,2921.43417304138,6254.38072405933,130.768877917088,195.994809403634,0.040968521751335,0.036281276322352,4.26018744156245,NA,1.66801455501534,triploid,
Gun Club 2 2016-06-30 366.LMD,2243.62422418929,9374.80370554026,124.026806758547,185.630923661804,0.079874892492677,0.08608856282038,2.87867542036734,2.07123897049656,1.67034139991282,triploid,
Lonsdale 1C 2016-06-30 369.LMD,104.533557515558,6532.29202452128,108.567077697864,159.469176501,0.055922890882365,0.083514393705322,17.8951996451529,2.0126655099713,1.7020072480462,triploid,
Lonsdale 3A 2016-06-30 370.LMD,4507.95347856749,8878.89352896549,84.2614656422194,183.069446127894,0.045599415589059,0.035524306591236,3.43573933052636,2.00352690415027,1.15067625188741,,
Lonsdale 3B 2016-06-30 371.LMD,5423.11315265119,4345.23522939194,84.3350074484771,175.066830553448,0.06623816612225,0.092272149364738,6.22419768434934,2.1582956919827,1.20432590202645,,
Pt Anne 1A 2016-06-30 372.LMD,6739.73647347284,4709.05054764168,124.919813907752,190.186681414905,0.069358118551055,0.047593711476384,2.82596784267822,1.83675168902,1.64206837432574,triploid,
Pt Anne 3 2016-06-30 373.LMD,1618.19432047129,5431.95693243315,113.815219250503,169.703481615769,0.040546788518035,0.041094565324043,4.0973075445829,1.91332362149339,1.67667772880752,triploid,
Pt Anne Hydro 1 2016-06-30 374.LMD,318.913914577367,1148.23701197927,110.287984326011,164.742857585744,0.064967186826763,0.06253971316395,2.75173977966895,NA,1.67363832857836,triploid,
GC4 & soy 2016-07-05 377.LMD,6152.05537312145,2321.96704167322,124.979531048685,177.136706201621,0.398329848243038,0.110197833398588,1.36589732763121,NA,1.7638852743828,triploid,
GC5 & soy 2016-07-05 379.LMD,653.327474156038,12544.3707084657,143.837410226675,211.314109143641,0.034550220322012,0.047604250382008,11.4937911123139,NA,1.70170144825613,triploid,
GC6 & soy 2016-07-05 381.LMD,4302.06031153952,11678.3542340496,118.700779950355,175.714046303476,0.196926520559848,0.087102985348502,3.73584952553371,2.15567912928655,1.688834536104,triploid,
longsdale 1A + pet 2016-07-06 427.LMD,74.9,2124,105.9,190.9,3.5,3.7,,,1.665,triploid,edited by hand
longsdale 1B+pet 2016-07-06 429.LMD,50.3037898258448,2113.45372192339,111.664740865793,199.120671256837,0.027679982526142,0.033901846466995,1766.43973469526,NA,1.68236788517695,triploid,
Pt. Anna Hydro 1 + pet 2016-07-06 438.LMD,620.949694520988,2539.95464016601,110.168035882626,195.707389668423,0.031239730471353,0.026559625690094,4.0759334543093,1.89560641587799,1.68876662351807,triploid,
PPP1 2018-06-07 004.LMD,144.0899777,NA,128.6985744,NA,0.062665712,NA,0.974746903,2.5,1.95642702909997,triploid,
PPP10 2018-06-07 013.LMD,813.7628157,NA,123.1538454,NA,0.056586413,NA,1.710833158,2.010142657,1.87213815694106,triploid,
PPP11 2018-06-07 014.LMD,828.4336952,NA,121.9489922,NA,0.049967689,NA,1.356043594,2.014622207,1.85382243450539,triploid,
PPP12 2018-06-07 015.LMD,453.8414702,NA,120.1741628,NA,0.055462726,NA,1.786468776,1.988577321,1.8268421495536,triploid,
PPP13 2018-06-07 016.LMD,630.8368903,NA,125.7293982,NA,0.056309195,NA,1.975846714,2.020058258,1.91129073602973,triploid,
PPP14 2018-06-07 017.LMD,766.4784911,NA,115.7033102,NA,0.062762202,NA,1.641067421,2.016201869,1.75887794007777,triploid,
PPP15 2018-06-07 018.LMD,560.4179644,NA,129.7445593,NA,0.054633058,NA,1.787905968,NA,1.97232769575405,triploid,
PPP16 2018-06-07 019.LMD,274.7,,128,,5.1,,,,1.9458075654084,triploid,edited by hand
PPP17 2018-06-07 020.LMD,104.5038131,NA,122.7984734,NA,0.04395941,NA,1.339204868,2.011840851,1.86673592626814,triploid,
PPP18 2018-06-07 021.LMD,151.5804106,NA,122.2181283,NA,0.039577352,NA,1.285613882,2.019530486,1.85791373965777,triploid,
PPP19 2018-06-07 022.LMD,493.9455318,NA,122.4608925,NA,0.050425129,NA,2.184749265,2.021273358,1.86160414916535,triploid,
PPP2 2018-06-07 005.LMD,196.8407305,NA,124.5505658,NA,0.048593077,NA,1.427461404,1.98456859,1.8933705719495,triploid,
PPP20 2018-06-07 023.LMD,226.1362118,NA,123.4474403,NA,0.058012017,NA,1.138472028,1.964536699,1.87660127551595,triploid,
PPP21 2018-06-07 024.LMD,190.9747784,NA,119.3718356,NA,0.039863988,NA,1.562710375,2.004902947,1.814645475056,triploid,
PPP22 2018-06-07 025.LMD,275.6912608,NA,121.0862596,NA,0.055107068,NA,1.298700837,1.990933814,1.8407074999741,triploid,
PPP23 2018-06-07 026.LMD,115.6614944,NA,117.0771392,NA,0.067644908,NA,0.954943223,2.018015932,1.77976236868541,triploid,
PPP24 2018-06-07 027.LMD,79.38096487,NA,121.1305749,NA,0.061582921,NA,1.581518086,2.012772009,1.841381164396,triploid,
PPP25 2018-06-07 028.LMD,137.3173048,NA,122.1870384,NA,0.068668687,NA,1.343689899,1.967492409,1.85744112276224,triploid,
PPP26 2018-06-07 029.LMD,165.796739,NA,123.531553,NA,0.060501723,NA,5148119.132,2.001955606,1.8778799249535,triploid,
PPP27 2018-06-07 030.LMD,132.8919695,NA,120.6795635,NA,0.055695684,NA,1.197894046,2.013581752,1.83452505975377,triploid,
PPP28 2018-06-07 031.LMD,292.5497778,NA,117.0739818,NA,0.050923171,NA,1.475341491,1.953170173,1.77971437108535,triploid,
PPP29 2018-06-07 032.LMD,147.5125938,NA,120.4366724,NA,0.059267211,NA,0.926722648,2.5,1.83083272116041,triploid,
PPP3 2018-06-07 006.LMD,244.5800814,NA,125.201338,NA,0.059974035,NA,0.99498657,2.046435972,1.9032633646848,triploid,
PPP30 2018-06-07 033.LMD,97.85136943,NA,119.7995672,NA,0.049447113,NA,1.056870771,2.002059847,1.82114768898759,triploid,
PPP31 2018-06-07 034.LMD,31.5,,119.3,,,5.7,,,1.81355345744705,NA,edited by hand
PPP32 2018-06-07 035.LMD,193.9791441,NA,120.2143935,NA,0.04638238,NA,1.140302111,2.012636488,1.82745372143189,triploid,
PPP33 2018-06-07 036.LMD,117.0228572,NA,117.6800256,NA,0.054289846,NA,1.260793283,2.013580093,1.78892721960886,triploid,
PPP34 2018-06-07 037.LMD,52.70276448,NA,124.131376,NA,0.038679107,NA,1.080171428,2.002607871,1.88699820722933,triploid,
PPP35 2018-06-07 038.LMD,240.6,,124.1,,,7.4,,,1.88652124114986,NA,edited by hand
PPP4 2018-06-07 007.LMD,124.63195,NA,134.8690793,NA,0.072925246,NA,1.18073132,NA,2.05022870970004,triploid,
PPP5 2018-06-07 008.LMD,119.3063554,NA,131.0982712,NA,0.077803511,NA,1.222507528,NA,1.9929063118197,triploid,
PPP6 2018-06-07 009.LMD,634.3260113,NA,119.4400089,NA,0.068148125,NA,1.911362692,2.013493847,1.81568181976614,triploid,
PPP7 2018-06-07 010.LMD,728.5815824,NA,114.8319439,NA,0.058205168,NA,1.632684706,2.002659008,1.74563175930604,triploid,
PPP8 2018-06-07 011.LMD,640.6899759,NA,118.8591435,NA,0.056466235,NA,1.527612103,2.007360867,1.80685172375205,triploid,
PPP9 2018-06-07 012.LMD,474.5772729,NA,119.4962706,NA,0.065713882,NA,1.41793857,1.986934892,1.81653708884038,triploid,
TexasDR 2018-06-07 091.LMD,494.3755105,NA,71.51362041,NA,0.065457783,NA,3.049697013,2.003035874,1.08712299705877,,
TXFW1 2018-06-07 073.LMD,226.5772187,NA,114.2515578,NA,0.042852903,NA,7.069929802,2.020645506,1.73680894942918,triploid,
TXFW10 2018-06-07 081.LMD,332.2835036,NA,74.17748458,NA,0.067721884,NA,2.221598254,2.030399972,1.12761805217757,,
TXFW11 2018-06-07 082.LMD,157.158418,NA,73.77624971,NA,0.082319924,NA,2.072115199,1.934972279,1.1215186315092,,
TXFW12 2018-06-07 083.LMD,177.8241291,NA,104.628457,NA,0.069441042,NA,2.956338111,2.015047081,1.59052221240318,triploid,
TXFW13 2018-06-07 084.LMD,139.3819508,NA,117.1784345,NA,0.055030936,NA,1.340831389,1.998660422,1.78130222150635,triploid,
TXFW14 2018-06-07 085.LMD,604.6601548,NA,76.86821004,NA,0.064397992,NA,3.98E+274,2.021519966,1.16852144246276,,
TXFW15 2018-06-07 086.LMD,418.8885836,NA,75.89061387,NA,0.068896567,NA,2.110431911,1.929288437,1.15366039540417,,
TXFW16 2018-06-07 087.LMD,316.3482381,NA,75.05344691,NA,0.067868437,NA,1.41673327,1.896942586,1.14093410005825,,
TXFW18 2018-06-07 088.LMD,68.25087628,NA,115.1265257,NA,0.050964024,NA,2.832044519,2.003508981,1.75010988036128,triploid,
TXFW19 2018-06-07 089.LMD,192.1784276,NA,112.6824311,NA,0.053338413,NA,1.41E+112,1.990500581,1.71295567908586,triploid,
TXFW2 2018-06-07 074.LMD,270.5702334,NA,116.7740592,NA,0.053546995,NA,1.904861459,1.983366965,1.77515506120944,triploid,
TXFW20 2018-06-07 090.LMD,351.1892651,NA,122.3920996,NA,0.071596796,NA,1.275582092,1.972509846,1.86055838553045,triploid,
TXFW3 2018-06-07 075.LMD,417.0601197,NA,78.17078318,NA,0.061964342,NA,6.86E+282,2.001630646,1.18832266644956,,
TXFW4 2018-06-07 076.LMD,194.0118054,NA,115.914261,NA,0.047942369,NA,2.700680631,2.011023181,1.76208473431659,triploid,
TXFW5 2018-06-07 077.LMD,118.8224706,NA,113.263164,NA,0.056957179,NA,2.343369044,2.022879786,1.72178376088509,triploid,
TXFW6 2018-06-07 078.LMD,82.33271653,NA,116.3143241,NA,0.047918931,NA,1.716180545,2.001124923,1.76816634218081,triploid,
TXFW8 2018-06-07 079.LMD,172.3924531,NA,81.42488803,NA,0.079164729,NA,2.63E+151,1.871184276,1.23779033704145,,
TXFW9 2018-06-07 080.LMD,287.5884358,NA,82.66570345,NA,0.069621431,NA,1.809069645,1.96958329,1.25665274353763,,
VCN1 2018-06-07 039.LMD,231.1865542,NA,124.8215991,NA,0.065345994,NA,2.240728153,2.024550563,1.89749071761839,triploid,
VCN10 2018-06-07 048.LMD,382.2534369,NA,120.5760365,NA,0.0544576,NA,1.177893147,1.996017393,1.8329512814739,triploid,
VCN11 2018-06-07 049.LMD,636.3179926,NA,118.5915413,NA,0.054656406,NA,1.800659884,1.972457381,1.80278373636705,triploid,
VCN12 2018-06-07 050.LMD,224.6477617,NA,129.5887697,NA,0.069524643,NA,1.291510487,NA,1.96995944120489,triploid,
VCN13 2018-06-07 051.LMD,313.9682379,NA,125.2801734,NA,0.048948825,NA,2.567214571,2.045946147,1.90446179060466,triploid,
VCN14 2018-06-07 052.LMD,405.6434866,NA,126.0750607,NA,0.05283416,NA,1.495308613,2.032510511,1.91654536655768,triploid,
VCN15 2018-06-07 053.LMD,237.2525313,NA,119.7621376,NA,0.065624666,NA,1.554332534,2.00261577,1.82057869837157,triploid,
VCN16 2018-06-07 054.LMD,685.9252104,NA,83.0539365,NA,0.066946872,NA,1.68717603,1.890307678,1.26255451545819,,
VCN17 2018-06-07 055.LMD,401.1718575,NA,124.6215291,NA,0.06338035,NA,1.653529052,1.905581701,1.89444932918393,triploid,
VCN18 2018-06-07 056.LMD,122.28778,NA,119.9384501,NA,0.042962659,NA,1.362302635,2.031640883,1.82325893428076,triploid,
VCN19 2018-06-07 057.LMD,202.8069752,NA,119.0820617,NA,0.05756365,NA,1.289426712,2.007140754,1.81024044187726,triploid,
VCN2 2018-06-07 040.LMD,563.99229,NA,122.9111967,NA,0.043590667,NA,3.393536625,2.006672298,1.86844950322078,triploid,
VCN20 2018-06-07 058.LMD,126.3893192,NA,117.3758103,NA,0.065696623,NA,1.020956623,1.926950406,1.78430265373188,triploid,
VCN21 2018-06-07 059.LMD,214.3417941,NA,78.02010362,NA,0.065160899,NA,1.403710711,1.886655685,1.18603209279487,,
VCN22 2018-06-07 060.LMD,53.20570525,NA,114.6502251,NA,0.064386187,NA,0.901403578,2.024725541,1.74286933886997,triploid,
VCN23 2018-06-07 061.LMD,117.9369758,NA,81.52399118,NA,0.041826149,NA,1.696233624,1.862664098,1.23929686562759,,
VCN24 2018-06-07 062.LMD,368.2268639,NA,79.80354099,NA,0.053122113,NA,1.956437627,1.966142401,1.21314323284938,,
VCN25 2018-06-07 063.LMD,274.7496779,NA,75.31206995,NA,0.068733848,NA,1.38162911,1.943331196,1.1448655896506,,
VCN26 2018-06-07 064.LMD,263.346414,NA,115.1769216,NA,0.059415684,NA,1.439746754,1.960866818,1.75087597976351,triploid,
VCN27 2018-06-07 065.LMD,172.7642491,NA,74.30225373,NA,0.061557615,NA,1.589387867,2.002015042,1.12951474558382,,
VCN28 2018-06-07 066.LMD,141.857654,NA,115.5421618,NA,0.063756913,NA,1.168045603,1.974031168,1.75642822307876,triploid,
VCN29 2018-06-07 067.LMD,168.0064009,NA,79.02304054,NA,0.055485625,NA,1.542267472,1.995555027,1.20127836034614,,
VCN3 2018-06-07 041.LMD,1198.272432,NA,83.42072232,NA,0.066079702,NA,1.508828483,1.965885226,1.26813025470382,,
VCN30 2018-06-07 068.LMD,264.4782265,NA,115.3831893,NA,0.047231415,NA,1.628200868,1.998088893,1.7540115832882,triploid,
VCN31 2018-06-07 069.LMD,288.1289619,NA,120.6002419,NA,0.053714508,NA,1.469113734,1.982390035,1.83331924280549,triploid,
VCN32 2018-06-07 070.LMD,371.0028172,NA,71.88425109,NA,0.061193459,NA,1.470625461,1.882355508,1.09275718441124,,
VCN33 2018-06-07 071.LMD,252.1178347,NA,121.0418455,NA,0.07362574,NA,1.016236445,2.012540119,1.84003233363199,triploid,
VCN34 2018-06-07 072.LMD,275.385941,NA,77.91689409,NA,0.055594691,NA,2.327566296,1.950492987,1.1844631405738,,
VCN4 2018-06-07 042.LMD,496.3184343,NA,85.20309108,NA,0.062245605,NA,1.193838916,2.031865644,1.29522515015347,,
VCN5 2018-06-07 043.LMD,345.7185399,NA,120.9596886,NA,0.060333307,NA,1.650060428,2.012316941,1.83878341552597,triploid,
VCN6 2018-06-07 044.LMD,552.9327866,NA,123.8318894,NA,0.050651087,NA,1.804740671,2.004253422,1.88244552526044,triploid,
VCN7 2018-06-07 045.LMD,419.733206,NA,123.2884384,NA,0.066230862,NA,1.960626561,1.996165242,1.87418418879771,triploid,
VCN8 2018-06-07 046.LMD,308.7652895,NA,120.5683298,NA,0.054531879,NA,1.311994613,1.995785848,1.83283412713668,triploid,
VCN9 2018-06-07 047.LMD,501.6583734,NA,121.8241459,NA,0.047748837,NA,1.433059679,1.999575083,1.85192456829403,triploid,
VADS1 2016-06-14 174.LMD,NA,NA,NA,NA,NA,NA,NA,NA,NA,NA,
VADS2 2016-06-14 175.LMD,111.194629889084,NA,110.24929146781,NA,0.053313563168358,NA,5.09196576094688,NA,1.54002943187721,triploid,
VARC1 2016-06-14 176.LMD,156.502329301778,NA,98.3915001150161,NA,0.028600181640645,NA,1.25824852293606,NA,2.16753447106656,triploid,
VARC2 2016-06-14 177.LMD,121.547106792437,NA,172.241289744528,NA,0.033086659155821,NA,1.4182183846619,1.99763355414554,1.68340972946799,triploid,
VARC3 2016-06-14 178.LMD,122.52526947653,NA,59.4792697458915,NA,0.031949508404201,NA,1.0795098151002,1.99666132683513,1.69695714020329,triploid,
VAWR1 2016-06-14 181.LMD,121.340820877091,NA,126.452931627838,NA,0.036549758040904,NA,1.44659486429495,2.0259778873732,1.68055269957966,triploid,
VAWR14 2016-06-14 183.LMD,123.794172198138,NA,112.717367468839,NA,0.031000642953973,NA,1.31213762645831,2.02462796058997,1.7145312581208,triploid,
VAWR4 2016-06-14 187.LMD,114.051890880105,NA,67.8670639082395,NA,0.055944418992234,NA,1.72834668712047,2.00989063882417,1.57960208053045,triploid,
VAWR6 2016-06-14 182.LMD,124.165821238165,NA,213.963908500552,NA,0.041213871585407,NA,1.67379865612042,1.98710196933721,1.7196785432059,triploid,
VAWR7 2016-06-14 188.LMD,115.553625312963,NA,61.6984940524091,NA,0.031543575645152,NA,1.55686773723151,2.00527919838389,1.60040088374398,triploid,
ID ID 1 2016-06-15 209.LMD,1193.52248779527,NA,115.395967223357,NA,0.052257776197362,NA,1.3202477767345,2.0238645680704,1.82684903365561,triploid,
ID ID 2 2016-06-15 210.LMD,1567.70023516998,NA,113.142192738321,NA,0.040492831379523,NA,3.21613372416343,2.01824346000727,1.79116922751389,triploid,
ID ID 3 2016-06-15 211.LMD,551.747511678396,NA,114.947968705815,NA,0.05642291802003,NA,1.45932491309174,1.99679428949717,1.81975670904026,triploid,
ID ID 4 2016-06-15 212.LMD,1076.57089832211,NA,115.234199355013,NA,0.042053461019081,NA,2.38874659535743,1.99999169075108,1.82428806483606,triploid,
ID ID 5 2016-06-15 213.LMD,2538.93802264354,NA,113.114411735397,NA,0.036758942263478,NA,4.14535502585171,2.01270705338247,1.7907294227307,triploid,
ID ID 6 2016-06-15 214.LMD,208.373542990475,NA,111.093776360265,NA,0.07161266770093,NA,1.1218550550647,2.09613357734311,1.75874047310575,triploid,
KY HR 1 2016-06-15 215.LMD,198.62141103018,NA,111.829436414943,NA,0.068145247167986,NA,1.17529824322785,2.23281540252714,1.77038680609577,triploid,
KY HR 1 2016-06-15 216.LMD,6162.98114103986,NA,124.873316625103,NA,0.03209677417327,NA,1.6550230357577,1.93390967369426,1.97688622310682,triploid,
KY HR 10 2016-06-15 236.LMD,NA,NA,NA,NA,NA,NA,NA,NA,NA,NA,
KY HR 11 2016-06-15 237.LMD,326.389809231796,NA,104.173341901666,NA,0.110570638017871,NA,1.59389806845139,1.97571910961217,1.64918214704486,triploid,
KY HR 12 2016-06-15 238.LMD,553.033908524329,NA,97.4529847633682,NA,0.087355425208597,NA,1.58109464835146,1.95029646963988,1.5427912718754,triploid,
KY HR 13 2016-06-15 239.LMD,77.5008030262922,NA,108.817784034011,NA,0.038749477149335,NA,1.25037256766097,2.05028015094138,1.72270893333993,triploid,
KY HR 14 2016-06-15 240.LMD,NA,NA,NA,NA,NA,NA,NA,NA,NA,NA,
KY HR 15 2016-06-15 241.LMD,2989.91782988613,NA,105.067611574091,NA,0.067829656708936,NA,7.77400422032642,1.97998049397022,1.66333945016565,triploid,
KY HR 16 2016-06-15 242.LMD,NA,NA,NA,NA,NA,NA,NA,NA,NA,NA,
KY HR 17 2016-06-15 243.LMD,573.825532553992,NA,110.179814652024,NA,0.070898894462423,NA,2.30759246546926,1.96296141449973,1.74427142272493,triploid,
KY HR 2 2016-06-15 217.LMD,3443.86777040323,NA,132.177567812542,NA,0.029498181893971,NA,3.9008273251459,NA,2.09252080327827,triploid,
KY HR 3 2016-06-15 229.LMD,305.378734735712,NA,104.857118609787,NA,0.090311748349966,NA,2.60170890837643,1.82820156895836,1.6600071078171,triploid,
KY HR 4 2016-06-15 230.LMD,907.57793829391,NA,111.213675538227,NA,0.050663076681954,NA,1.51229035445792,2.01289723790687,1.76063861307257,triploid,
KY HR 5 2016-06-15 231.LMD,684.532800441958,NA,141.445449705254,NA,0.048673578049185,NA,1.48662233406536,NA,2.23924188450084,triploid,
KY HR 6 2016-06-15 232.LMD,120.295200667749,NA,108.022042201422,NA,0.079624328321653,NA,1.69458165716465,1.82035160664024,1.71011143766583,triploid,
KY HR 7 2016-06-15 233.LMD,NA,NA,NA,NA,NA,NA,NA,NA,NA,NA,
KY HR 8 2016-06-15 234.LMD,168.325813637552,NA,109.153012115985,NA,0.093369462593386,NA,1.03077525827596,1.9556513363567,1.72801597406539,triploid,
KY HR 9 2016-06-15 235.LMD,349.178580376983,NA,105.826570547132,NA,0.104385686096911,NA,1.07274597351433,1.99669182891335,1.67535463145704,triploid,
Pash-03 2016-06-15 221.LMD,657.904885313654,NA,108.451494664376,NA,0.039401033867666,NA,3.12532673205054,2.01491687152375,1.71691015720366,triploid,
Pash-04 2016-06-15 222.LMD,202.853491579284,NA,109.831480283001,NA,0.035012094336506,NA,132.207487749811,2.01829148483169,1.73875689461143,triploid,
Pash-05 2016-06-15 223.LMD,448.101504645219,NA,110.488170488266,NA,0.038542004443446,NA,0.970994510650218,2.01866479241481,1.74915304532419,triploid,
Pash-06 2016-06-15 224.LMD,710.688294337613,NA,111.477181876356,NA,0.039763698024084,NA,1.11345370523832,2.0218289937071,1.76481021725213,triploid,
Pash-07 2016-06-15 225.LMD,352.45945482795,NA,113.49935172879,NA,0.038938197736925,NA,1.6149540517175,1.98781116385302,1.79682345939304,triploid,
Pash-08 2016-06-15 226.LMD,NA,NA,NA,NA,NA,NA,NA,NA,NA,NA,
Pash-09 2016-06-15 227.LMD,NA,NA,NA,NA,NA,NA,NA,NA,NA,NA,
Pash-10 2016-06-15 228.LMD,223.708260533682,NA,112.229112421079,NA,0.045544623616912,NA,1.357588740169,2.02201509991528,1.77671413055219,triploid,
VA-WR-13 2016-06-15 218.LMD,236.112912243575,NA,112.088353752591,NA,0.059762451741808,NA,1.42366566894985,2.05153068757841,1.77448576119325,triploid,
VA-WR-16 2016-06-15 219.LMD,464.085151709463,NA,113.75463634919,NA,0.039729082133867,NA,1.22773702873698,2.01101845821959,1.80086490445656,triploid,
VA-WR-17 2016-06-15 220.LMD,397.913408336144,NA,114.250530283223,NA,0.03949409053025,NA,1.66724155027249,2.01560458231943,1.80871546783397,triploid,
VA WR 10 2016-06-15 195.LMD,461.627071173283,NA,115.680375020358,NA,0.027246957207298,NA,29.5122001081161,2.02896956922956,1.83135153163381,triploid,
VA WR 10+tom 2016-06-15 194.LMD,1189.80775276584,NA,134.834909742464,NA,0.044265527092233,NA,1.86270418280379,NA,2.13458953976517,triploid,
VA WR 11 2016-06-15 197.LMD,237.718758069799,NA,115.325481060493,NA,0.029449650574703,NA,1.10005354337995,2.0160948299121,1.82573315775793,triploid,
VA WR 11+tom 2016-06-15 196.LMD,4320.87157019322,NA,135.960760144615,NA,0.034447905722481,NA,2.15793170000463,NA,2.15241302847712,triploid,
VA WR 12 2016-06-15 199.LMD,282.764837454796,NA,119.098239395418,NA,0.042251704235063,NA,1.18220717438731,2.0123866434589,1.88546020094856,triploid,
VA WR 12+tom 2016-06-15 198.LMD,2558.48434860685,NA,102.284437915174,NA,0.049307286977873,NA,1.93472002867138,2.00586852546827,1.61927865470087,triploid,
VA WR 18 2016-06-15 204.LMD,317.013158576728,NA,111.465482880263,NA,0.035437750937914,NA,1.00372152810651,2.06332482312175,1.76462500887595,triploid,
VA WR 19 2016-06-15 205.LMD,611.139474002888,NA,110.391514340775,NA,0.037615430028835,NA,1.61735707645894,2.01619961826396,1.74762286889004,triploid,
VA WR 2 2016-06-15 200.LMD,427.683906859205,NA,114.11365133901,NA,0.039929785457117,NA,1.36266862427692,2.01038336848477,1.80654851891036,triploid,
VA WR 20 2016-06-15 206.LMD,938.365327127774,NA,109.324995873715,NA,0.074287505188225,NA,1.36874983064104,1.97554430201006,1.73073867199993,triploid,
VA WR 21 2016-06-15 207.LMD,2203.42051804995,NA,75.9346976728519,NA,0.037509872360472,NA,5.87631235845289,2.04727986086385,1.20213238298073,,
VA WR 22 2016-06-15 208.LMD,623.315537432437,NA,112.713461625558,NA,0.033070327728376,NA,1.43941120460963,2.02782362086627,1.78438192776768,triploid,
VA WR 3 2016-06-15 201.LMD,285.615175296306,NA,114.53171033266,NA,0.03399727033345,NA,1.13798950962966,2.01936881896694,1.81316686690759,triploid,
VA WR 5 2016-06-15 202.LMD,839.170337398843,NA,108.639827302738,NA,0.077641823956028,NA,1.36151229322927,2.02043506395199,1.71989167646015,triploid,
VA WR 8 2016-06-15 203.LMD,658.958415811587,NA,111.87714933283,NA,0.032313078593056,NA,1.23810015653916,2.01043017811741,1.77114215569794,triploid,
KY WR 17 2016-06-17 246.LMD,1016.86484090092,NA,105.627572797053,NA,0.051214882438112,,3.15588620846915,2.01056366139359,1.26058873952129,triploid,
KY WR 18 2016-06-17 247.LMD,3782.41310678786,NA,74.2837886926568,NA,0.074789961490581,,1.74448849027377,1.7091334785293,0.88652332980196,,
KY WR 19 2016-06-17 248.LMD,5113.23775570618,NA,62.4589858772485,NA,0.126313256482153,,2.27089998997648,1.96043443895121,0.745402854518453,,
KY WR 20 2016-06-17 249.LMD,3146.35160073267,NA,76.9876863311939,NA,0.036694311523015,,3.8746186153654,2.03891531198838,0.918792393889109,,
KY WR 21 2016-06-17 250.LMD,3068.87290444502,NA,76.5725566548366,NA,0.059736810225557,,1.93223957709357,1.9919367431283,0.913838121234728,,
KY WR 22 2016-06-17 251.LMD,178.99219793077,NA,99.3208067237136,NA,NA,,1.01370485657371,NA,1.18532204462032,triploid,
KY WR 23 2016-06-17 252.LMD,2579.23056698319,NA,107.364547192771,NA,0.052872226803285,,1.34415101978976,1.91584614907343,1.28131827354444,triploid,
TWS16 - 007 2016-06-17 253.LMD,5038.64885210185,NA,110.81678613154,NA,0.032120927050373,,24.139600333842,2.04571118826522,1.32251825018984,triploid,
VA WR 15 2016-06-17 245.LMD,993.93299240425,NA,110.956485304333,NA,0.077799017286354,,1.81774310017428,1.99836792992971,1.32418545885023,triploid,
COHA2 W-BeachMay27 2017-05-01 457.LMD,950.313470714825,NA,59.5802494662091,NA,0.050438039981763,NA,2.62309615547966,1.96553704721573,1.20467919832499,diploid,
COHA3 VENORTHJune3 2017-05-01 454.LMD,2571.02713799314,NA,61.5258925703106,NA,0.059978255517805,NA,3.73502972162628,2.11348992062232,1.24401900968655,diploid,
ALAC18 2018-07-20 742.LMD,1639.35129105998,,83.192944053108,,0.060226833642035,,6.25E+251,2.10409738800448,1.35040415020979,,
ALAC20 2018-07-20 743.LMD,501.272860598427,,73.5192517971764,,0.05654353209278,,1.74E+32,2.07820845778552,1.19337888419777,,
ALAC21 2018-07-20 744.LMD,5.21217232294296,,104.977761809104,,0.054231231630452,,152.265528175388,2.03131552462565,1.70401957570166,triploid,
ALHR8 2018-07-20 750.LMD,295.092355181774,,77.0212537365344,,0.061279406166962,,2.5309663741406,1.94872656583844,1.25022406508153,,
ARCC4 2018-07-20 749.LMD,548.796852897637,,108.000453175298,,0.069994092983661,,2.09734378025912,1.98279926274559,1.75308449355221,triploid,
ARGR11 2018-07-20 751.LMD,1175.94906064947,,101.588011107593,,0.097803798788204,,11.5740849501275,1.91255049191996,1.64899647888019,triploid,
COHA4 2018-07-20 714.LMD,629.042995659778,,81.8795410383047,,0.073142105408311,,1.57727026650428,2.03775507264831,1.32908473541716,,
COHA5 2018-07-20 715.LMD,1166.67453407023,,81.5747537239797,,0.056955325114981,,2.07963003482908,1.97431502259152,1.32413736807873,,
COHA8 2018-07-20 716.LMD,812.504725483088,,81.8830457232641,,0.070269921197928,,2.09474878693758,1.9964897448408,1.32914162414935,,
ILWB5 2018-07-20 737.LMD,203.007549759397,,143.130627124402,,0.071765248252577,,1.16900184485716,NA,2.32332435269432,triploid,
ILWB6 2018-07-20 738.LMD,780.406552457085,,70.283856539741,,0.097403998312333,,1.70094464984179,1.88381305757553,1.14086131515465,,
MOCC4 2018-07-20 745.LMD,345.495402595776,,118.658384075417,,0.09019006969481,,1.51916910466133,1.99711700606503,1.9260861138697,triploid,
MOGR18 2018-07-20 734.LMD,1125.40178784539,,109.904504406305,,0.067720171603024,,4.39242221842869,2.02839550958256,1.78399142579063,triploid,
MOGR20 2018-07-20 735.LMD,569.240574275518,,110.94375163951,,0.076503919183108,,2.39182765423025,1.98347452522082,1.80086069027919,triploid,
MOGR21 2018-07-20 736.LMD,195.257537311584,,106.028186498028,,0.054302990718775,,2.72E+144,1.99548562694199,1.72107027483908,triploid,
MOGR5 2018-07-20 731.LMD,420.672075845426,,112.884555339743,,0.083358518468504,,1.74339957101473,2.01793586816282,1.8323641957912,triploid,
MOGR6 2018-07-20 732.LMD,94.4785775495707,,74.3423924389199,,0.080357808297239,,1.1644490504707,2.01616642234102,1.20674026419782,,
MOGR7 2018-07-20 733.LMD,159.241150124258,,108.556136480956,,0.085782372417493,,1.27521231520568,2.03180655446636,1.76210445372677,triploid,
MOMA20 2018-07-20 747.LMD,251.445346593679,,76.8037592469492,,0.125834758628142,,46592.7716402372,NA,1.24669365195904,,
MOSJ6 2018-07-20 748.LMD,391.33042328292,,111.320020075319,,0.073510313955134,,4.25164765355393,NA,1.80696835317167,triploid,
OHCQ5 2018-07-20 752.LMD,318.077370906937,,115.726434540049,,0.033576230095233,,5.41516268030177,2.01129069431463,1.8784941351769,triploid,
OHES7 2018-07-20 739.LMD,2811.05456082741,,77.9998419527225,,0.071520616921355,,5.24337386224454,2.01294719573147,1.26610870053383,,
OHES8 2018-07-20 740.LMD,2386.6187263245,,74.264580897013,,0.06784992787303,,5.39326137828095,2.02046522726702,1.20547721202049,,
SCCC1 2018-07-20 717.LMD,169.338950377114,,114.097002440958,,0.071733894200299,,2.02064029756436,1.98943810738055,1.8520448744356,triploid,
SCCC2 2018-07-20 718.LMD,48.6369313732992,,104.687058704104,,0.047841328876592,,2.0454826899124,2.01730928360697,1.69930082600552,triploid,
SCCC4 2018-07-20 719.LMD,309.208550157032,,77.2748490532318,,0.094139177955676,,1.36443600338252,NA,1.25434047389528,,
SCCC6 2018-07-20 720.LMD,132.093193400364,,114.25499916985,,0.058303027052234,,1.7401353148494,NA,1.85460950826174,triploid,
SCSF1 2018-07-20 721.LMD,707.394224484055,,73.1710015946263,,0.066229703684581,,2.0791119651664,1.97850372086372,1.18772601875121,,
SCSF11 2018-07-20 726.LMD,459.64764443173,,75.1206408814543,,0.073844723421999,,3.34E+222,2.0071215877002,1.21937294523411,,
SCSF14 2018-07-20 727.LMD,322.488450141881,,78.1634504205642,,0.081660801991496,,2.08651917382185,1.88963002025263,1.26876442520492,,
SCSF15 2018-07-20 728.LMD,774.027466188214,,72.1455815364755,,0.088377868773167,,1.06325307983651,1.96555078579861,1.17108119967435,,
SCSF16 2018-07-20 729.LMD,271.760671572747,,71.1996118100618,,0.053697759874866,,1.73192840299375,1.93357317679481,1.1557260339321,,
SCSF17 2018-07-20 730.LMD,343.250541680989,,78.7765189926463,,0.074065956774524,,1.9585885277773,2.01221300517018,1.27871587425539,,
SCSF4 2018-07-20 722.LMD,713.116541767171,,72.522978986229,,0.061628546882312,,2.04137994935427,1.9342063240356,1.17720718894215,,
SCSF6 2018-07-20 723.LMD,442.339010623375,,74.5823109792607,,0.06359980878784,,2.2216240755505,1.96555938207574,1.21063466890096,,
SCSF8 2018-07-20 724.LMD,972.203518411292,,74.5545849529946,,0.088455246606945,,2.14836293634632,1.91807199191171,1.21018461461613,,
SCSF9 2018-07-20 725.LMD,585.401758929378,,75.9505041659398,,0.086858806328367,,1.88689633288629,1.99582629088411,1.23284344848689,,
VARC4 2018-07-20 710.LMD,402.289820713563,,75.951098225561,,0.085805064079786,,2.55862159383347,2.13222954587794,1.23285309137893,,
VARC5 2018-07-20 711.LMD,214.514745002886,,80.6026457342806,,0.086625573897169,,1.88506942483969,1.86879604368083,1.3083579209311,,
VAWR15 2018-07-20 713.LMD,89.7272873128172,,110.298172266767,,0.076653798117129,,4.24190638663639,1.98740250589083,1.79038151954946,triploid,
VAWR9 2018-07-20 712.LMD,42.6392752678292,,105.905175891725,,0.070546509601488,,5.74828456459475,2.01847122743646,1.7190735426022,triploid,
ALAC14 2018-07-26 899.LMD,124.743136794093,,120.409950690856,,0.044729393059351,,1.45012119661645,2.01682208498575,1.96208169309963,triploid,
ALAC16 2018-07-26 900.LMD,73.5475217317122,,114.416497567747,,0.048920669201826,,1.81885608536038,2.03221717390416,1.86441829747633,triploid,
ALAC17 2018-07-26 901.LMD,139.071352538616,,105.943992380957,,0.044252286363828,,2.25009048907651,1.98987985464194,1.72635871663345,triploid,
ALAC22 2018-07-26 916.LMD,5.3062111654284,,108.576657110372,,0.054979013501043,,3.75580694065225,2.05991310486264,1.76925802221423,triploid,
ALHR6 2018-07-26 907.LMD,156.734277163344,,116.47139745517,,0.059698837889004,,3.56198760227745,NA,1.89790291753582,triploid,
ALHR7 2018-07-26 908.LMD,134.498557260742,,117.841326593149,,0.060961998797454,,3.56914795892102,NA,1.92022593043509,triploid,
COHA10 2018-07-26 894.LMD,1198.00995600563,,79.6169611935754,,0.043722452014103,,3.23E+40,1.96925062756456,1.29735940528046,,
COHA22 2018-07-26 895.LMD,443.605682714571,,68.5874829466538,,0.075800361177412,,1.07012783154897,2.00182564898889,1.11763391557997,,
COHA6 2018-07-26 891.LMD,NA,,NA,,NA,,NA,NA,#VALUE!,NA,
COHA7 2018-07-26 892.LMD,726.95299263701,,89.7445835794596,,0.048590618114626,,3.25091806432411,1.95711113444869,1.46238914214155,,
COHA9 2018-07-26 893.LMD,211.803450199092,,91.6261846997024,,0.04567181683781,,1.63865197728494,2.03420305699929,1.49304985656392,,
ILHE2 2018-07-26 884.LMD,NA,,NA,,NA,,NA,NA,#VALUE!,NA,
ILWB13 2018-07-26 909.LMD,72.9371488589994,,106.295641859401,,0.056824106907896,,1.79018107401213,NA,1.73208884940141,triploid,
ILWB16 2018-07-26 910.LMD,4.65033258025855,,113.647408435801,,0.075800400196713,,0.884617169675272,2.5,1.85188598019279,triploid,
ILWB23 2018-07-26 886.LMD,NA,,NA,,NA,,NA,NA,#VALUE!,NA,
KYHR10 2018-07-26 917.LMD,598.68743753176,,108.995439491695,,0.046920171215841,,17.3377924871233,2.03948529164482,1.77608208649689,triploid,
KYHR14 2018-07-26 918.LMD,148.38576722196,,113.357998781318,,0.047785384424077,,1.32668178958776,2.0692010278178,1.8471700461557,triploid,
MIWA6 2018-07-26 897.LMD,339.064425924063,,104.463741822556,,0.078309805233737,,1.5431188272681,2.01988385816102,1.70223801477139,triploid,
MIWA8 2018-07-26 898.LMD,527.230020148914,,102.47364476626,,0.087987032105429,,2.01607989540288,1.96729206192641,1.66980935767747,triploid,
MOCC6 2018-07-26 902.LMD,410.51106049868,,121.615063796197,,0.048487733705866,,2.54686432550112,2.0227337767774,1.9817190266301,triploid,
MOCC7 2018-07-26 903.LMD,159.938735635707,,107.058224860106,,0.085930586544594,,2.01793556956328,1.97971846523145,1.74451514919281,triploid,
MOGR1 2018-07-26 887.LMD,NA,,NA,,NA,,NA,NA,#VALUE!,NA,
MOSJ11 2018-07-26 885.LMD,536.34266760409,,61.0397461265951,,0.201462432868621,,0.926042648109715,1.87747293224512,0.994643447151054,NA,
MSWD5 2018-07-26 888.LMD,NA,,NA,,NA,,NA,NA,#VALUE!,NA,
PABE1 2018-07-26 889.LMD,NA,,NA,,NA,,NA,NA,#VALUE!,NA,
PABE2 2018-07-26 890.LMD,NA,,NA,,NA,,NA,NA,#VALUE!,NA,
PASH2 2018-07-26 904.LMD,257.784568114283,,111.263799161287,,0.056835662093124,,2.14952573940236,2.00902645779735,1.81304503644859,triploid,
PASH8 2018-07-26 905.LMD,122.883279053751,,109.638342778868,,0.060449227935905,,4.6288702142795,2.04312996146352,1.78655820381908,triploid,
PASH9 2018-07-26 906.LMD,395.23831079251,,114.855616186178,,0.07995330630041,,1.92703700299987,2.01113930047,1.87157374100388,triploid,
PPP35 2018-07-26 896.LMD,316.503462995639,,94.0851326090526,,0.055249146743934,,510993549.71723,1.96167870496569,1.53311844433047,triploid,
SCCC14 2018-07-26 914.LMD,1726.61341849684,,67.8902822799947,,0.101982368041837,,2.51851641654357,2.06513977138299,1.10627302176165,,
SCCC3 2018-07-26 911.LMD,409.322458883995,,108.91256830136,,0.055613748214101,,2.57638133137256,1.9894465692841,1.77473169938595,triploid,
SCCC5 2018-07-26 915.LMD,131.886116515476,,152.822299766522,,0.039401978072253,,1.39538368665939,NA,2.4902413376044,tetraploid,
SCCC8 2018-07-26 912.LMD,209.455397622778,,105.197428012983,,0.05778429572633,,1300.93477212351,1.9421373759005,1.71419344066815,triploid,
SCCC9 2018-07-26 913.LMD,200.203496234881,,110.178699077206,,0.053104866664088,,2.1870391221911,2.01924316772318,1.79536331664104,triploid,
COHA6 2018-07-31 017.LMD,637.858893623864,,80.667085787501,,0.045757819196825,,2.76280321683468,2.01400986571596,1.1512691889487,,
ILGG2 2018-07-31 023.LMD,350.760677224262,,111.975871858252,,0.079832192464113,,1.36808648339373,2.02505863877637,1.59810373608474,triploid,
ILHE2 2018-07-31 021.LMD,197.615285342813,,121.687492549127,,0.056453046761809,,1189678339.74596,2.03334847028455,1.73670660697082,triploid,
ILWB2 2018-07-31 013.LMD,264.123189142613,,124.258279481337,,0.044362940107605,,1.54047285788393,2.06215519827721,1.77339651286629,triploid,
ILWB23 2018-07-31 014.LMD,202.485150849643,,120.107479797436,,0.037145543016307,,1.61942641053899,2.00644723067431,1.71415688943225,triploid,
MOGR1 2018-07-31 018.LMD,254.894434628569,,111.45998466518,,0.038818556187128,,1.93374012785573,2.01792474285635,1.59074106735116,triploid,
MOSJ11 2018-07-31 020.LMD,679.474899658046,,155.804343792218,,0.045585364647442,,1.77775383468707,NA,2.22361746133817,tetraploid,
MSWD5 2018-07-31 019.LMD,NA,,NA,,NA,,NA,NA,#VALUE!,NA,
PABE1 2018-07-31 015.LMD,175.262428693868,,106.364861875335,,0.059896318590863,,43.25572366972,1.9602377545696,1.5180241986978,triploid,
PABE2 2018-07-31 016.LMD,194.297918010207,,124.010554471017,,0.039306919491107,,2.92515341811333,2.00417563895777,1.76986101671034,triploid,
SCCC5 2018-07-31 022.LMD,329.818809606997,,157.135163067079,,0.060183750913487,,1.50866251506946,NA,2.24261072497537,tetraploid,
